-- phpMyAdmin SQL Dump
-- version 4.1.14
-- http://www.phpmyadmin.net
--
-- Host: 127.0.0.1
-- Generation Time: Nov 12, 2016 at 05:24 AM
-- Server version: 5.6.17
-- PHP Version: 5.5.12

SET SQL_MODE = "NO_AUTO_VALUE_ON_ZERO";
SET time_zone = "+00:00";


/*!40101 SET @OLD_CHARACTER_SET_CLIENT=@@CHARACTER_SET_CLIENT */;
/*!40101 SET @OLD_CHARACTER_SET_RESULTS=@@CHARACTER_SET_RESULTS */;
/*!40101 SET @OLD_COLLATION_CONNECTION=@@COLLATION_CONNECTION */;
/*!40101 SET NAMES utf8 */;

--
-- Database: `db_playstore`
--

-- --------------------------------------------------------

--
-- Table structure for table `tbl_aplicaciones`
--

CREATE TABLE IF NOT EXISTS `tbl_aplicaciones` (
  `codigo_aplicacion` int(11) NOT NULL AUTO_INCREMENT,
  `codigo_desarrollador` int(11) NOT NULL,
  `codigo_empresa` int(11) NOT NULL,
  `codigo_categoria` int(11) NOT NULL,
  `nombre_aplicacion` varchar(150) NOT NULL,
  `version` varchar(45) NOT NULL,
  `descripcion` varchar(500) NOT NULL,
  `calificacion` decimal(10,0) NOT NULL,
  `fecha_publicacion` date NOT NULL,
  `icono` blob,
  `aplicacion` blob,
  PRIMARY KEY (`codigo_aplicacion`),
  KEY `fk_tbl_aplicaciones_tbl_desarrolladores1_idx` (`codigo_desarrollador`),
  KEY `fk_tbl_aplicaciones_tbl_empresas1_idx` (`codigo_empresa`),
  KEY `fk_tbl_aplicaciones_tbl_categorias1_idx` (`codigo_categoria`)
) ENGINE=InnoDB  DEFAULT CHARSET=utf8 AUTO_INCREMENT=10 ;

--
-- Dumping data for table `tbl_aplicaciones`
--

INSERT INTO `tbl_aplicaciones` (`codigo_aplicacion`, `codigo_desarrollador`, `codigo_empresa`, `codigo_categoria`, `nombre_aplicacion`, `version`, `descripcion`, `calificacion`, `fecha_publicacion`, `icono`, `aplicacion`) VALUES
(2, 4, 2, 4, 'Google plos', '2', 'Copia de Google plus', '5', '2016-04-15', 0xffd8ffe1001845786966000049492a00080000000000000000000000ffec00114475636b7900010004000000320000ffee000e41646f62650064c000000001ffdb008400080606060606080606080c0807080c0e0a08080a0e100d0d0e0d0d10110c0e0d0d0e0c110f12131413120f18181a1a181823222222232727272727272727272701090808090a090b09090b0e0b0d0b0e110e0e0e0e11130d0d0e0d0d1318110f0f0f0f1118161714141417161a1a18181a1a212120212127272727272727272727ffc000110800d700d703012200021101031101ffc400bb000002030101010100000000000000000005060004070203010801000203010101000000000000000000000304000205010607100002020103020305050506040404070001020304050011062112314113516122321471814223079152623315a1c172824324b1926316d1a25334b2c27325e18393448445171100020102040108070603060700000000010203001121311204415161718122321305a1b1c142527214f091d1e16223f182b292c233531506a2d2e243637344ffda000c03010002110311003f00d6f91f1ca3c92bc704eef56fd56f5b199283a4f566f0ef8dbcd4f83a1e8c34170bca9d2cc380e4a638330c5e3af6e160d4ef342de9c86b4a3a2ca08f8e16d9d4f96da62a192af9ac5d0cd52fe45f823b308246e048a1fb188f02a4ec7dfa50c8e1ea72aab2e67071c6f65e468b2f84b3f9715a9eb931ba48cbb355bd111b47617af86fdcbb6c926f00dc49b794692ac023706d42e14f3faeae53b21863cb57787c6d8de45cbb0b2900d8b51e6ab01f8a2b89e8b9fba58083a68d66982c9cf5f96e22e4964daaf27adc7ae9ba3d1c9d59261f594ebe461f91d8340cb1cd1f47eefbce9ac36623d8748f9da7f82ff329f411eda2407bc296d4a61b973447b96af254f5233d4a2e429a76c8be1b2b4d5829f7fa674c7a58e570499309868244af9460325c7acb8e8b768b093d36f1dc306d9ba7c8cdecd16c16621cf626b65618da1f58113567dfbe19a3631cd03ee17e28e452a7a6b2a452634939829eaee9fbb0eaa2038914ae21938fe766c43fc18fc8bc9770522ec0249fcdb747a6db156de6886dd54b0fc3a6fa5716da6c7a4c83e35f6ff10d56cfe161cf6324a1248609832cf4ae20ddebd988f743613de8de23cc6e3c0e96b099a96d4d62ada8fe8f398b711e46a7e10c47c33c3bfcd04de287ee3a5270c8df5282ea6c2651c0f07fe6f5f48a6622245f058d98770ff76add15f5ff005472d641ff00d960aad5db7f39ecc93fff0026bbe40e4731e169b7469b2277fb293ffe3aabc72d558f99f3ac8da912ac0b5b10d2cb33848d07a336eccce4051d355b37c83017391f0dbf8ecad3b890e427ab27d3d88a42bf57526893b9518900b281ad991494dab28254ed9ac40c2eca4fb693c8b83810d4f165bb6b4cdec46ff86dacf514c7fa8518603b2d613b41f7c170161efe92eb40be0ad29fa7e1dbfb46b3ecb96adcaf8bdd1b08e537b1f21f3de68567887fcd01d614b8ca53e2864f4296feed3d08fdad5c922fdbd355ed48e7f4543edbbd28a3f0ebb1a5795771d3cbd2d36f7fa7604a3f0bf77ddbe966a44f91fd3fe65867dd1e8dbcb42a3cfb7b8de8f6dbf79641a3d04e96abc36a3eb1d88d254ff0c8a1c7f61d13cd0dd6261c6491ae32ed8465aeec80d522f301eb14d7d0f51e07a8fb0e94ad15e53ca1316a4b6178dc896b2646fd96323b07ab4f71b065ae3f3a41b91ddd808d7b6733f6a8626a55c505933d949463f191bf50b2ec59ecc8bb31f4e08c7a8dd3d83cf4538fe0eb71fc5c18aaacd294ee7b1664eb24f3c87be6b1292492d239dfa9e9e1e034e6da411a0dcdaecc3f681e078b9e8e1cf4a48a7518cfba71a1fcdf914f82c4ed4367cd64dfe8f148db6c26704b4efb83f0429bbb74dbc079e9778f41530d4a8e0e0ee795a17b4ecdd58c61b633ca4f9cb237ed27d9a176725172ce45366cc823c4515968e326723b3d08c97bf90df73b2c853b14fee2fbf46f8b44f92efcd4d13412e65e36af0bfcd1518815a9191d402c84cadef7d2dbf27c3f08924dc33e38b4cfdd07e5c7afa69ddb2e850d91717f9625fc69ce2229e3958f8aa777f99bc3fe3a42e64525c27f4b73f165a7869900ecc50b7ad3b0f708e36df4eb9798009597cfe361ee1d146b35c9d9193e4d3ba9eead848cd28bd86e58ed96d30f7c71048cfda74045d5b9403bbb75d57fd42da7d3a6af0add71ce66c7e5189f6d5a6ca2e130f9ace1d835583f214f8199b758106ded919468ff0014c37f4ac56270ac077d68505823a8329fcd9dbef919b4ab62117e7c1e0faf6dcbc7276f6d88fa6c62f776b0f649332a8fb35a46253be69676ea547683ef6f1fecd4985d923ff31f5b7cb1f617d21eaf2bf6e593e05d23e66cfd957afcbe95595fc0b0ec5fb5ba6b12e556a496df26bb00064edafc7687be46fe781ffe658ffcbad6b9364a0c5d192e58fe4538a4b937bd635242fda76d86b1aa70cd24d80c75b3dd6a312f21c9f778fad2b37a2a7de259cf8feee9bda8bcd24a711180bd36fdc6fe90bd741817b200ccdcdf9dbb0beb269fb1223c6e16d321da2a913843e3f0d787b54ffe5d16fd3085abf01c12378b57f57c87f35da5f2ff001e97b293b50e0d95b48097fa4b0500ea7ba5de15fed6d14c4e4efd8a1538871111bdbc65482a64b32ff994e8c91c4a850769fcf9fa74453b0fc47cb5a7fede049de499ea9156ff00203f8d03cd0fee201c01c2982ff218e0cb56c0e3e237b2931496c408765ad53b8096cd87f05017e45f176d80f3226ab7f4ac4710c13e3e3b3616ee76c252932a367bd62edcde2160b1e9f940b49b782aa9d4d7a1b8bdae2f9daf8db96d59b8e7c2be71875c6dccbf107023fe9d2fd7e31000a1a85e7694768df73e8cfea467dddba1dc8259f8ae7e1e4d0ecb86c9fa74f3bfbb158dc474eeb8fdd3bfa3236e361da7aedaa9365f7c4711fd4646f8218a1ad9c7df61f437c243619f6049f42caa49f71d3cdea55afd5b18ebd109aad94782c44de0e8e0ab0e9ed1af31bb3a84723dfb4a6196d9ea88f7ba7223a2998f0240e06e3a0f0a4ee7984ab9cc3cfc82843e8f27c120b946ca0fcdeea8e2c7d3ca17f9a87b0f66fe0de1e7bb6e33295f378ca39aabd20c8578eca2efb95f5141287dea7a1d25e1ac5ec1e4a4e319199a4b9453d5c4de936deed01f0a96236ee9a0f9251b6e7a379efab7c09d31af99e23dbe9c58ab3f598b8fc07f4fc81332226e776114dea213f66a8bb9966dbcbb4dc1d52c004a8dfe6463026fd06f4478d54acb1f75f023e16e4a37c931767278deec7304cb51916ee2a46242fd4c20f6c6fd47c12a9689ff00858e97f0b98af5afd5cbd7430e0b97b8668d80534b3207a52412fca47ae63287feaa7f1e9e349394c6d2a394b587c9463fed9e5cfd59485fa6cb1ed3d1b6f87ea7b15e36dfa4cbed6d52060cad1363875e9f7adce3bc3f3aa30b1d429db48dce63af16571577100cbcc3f914a8423b9add376fce86df51e9c0bd584ac7646ea37d48f9467a188712583eb79c46c6057910c755eb8dbb7353326eab01423b947c5eaee8068ed4a187e0b8cbd9ac9db6b3766025cbe66c01ebd993a2aa22afca9b9091429d0740373a6f69e5f7d52ce6d10bae18f881b0b0e63556972d39e7d141a9701c7c572c72be71620b369911e7a60f662abad752b1b3acbfcf312b37e64bd3a9200e9aad731f439da4af8cc263f1f802843f26bf4a16b13a81e38f85c215403fd697a7eea9f1d7bde0f7ab8e47cfd4d7c524919c4f1455323c8ec7f23eba35dcd8b3236dd902fc29e7b9dc8be30d7f939faae608131fdcaf4f8da36f1205eaaf91743b4f26ff00e90fcb5fe33d75a47729b78f48d31a4602aae7a6d929b779bf48cb89a1e92c6e71271bd23d7e30d6238a9fe95e4b27156aec52de7ee5c3fd2a420ecc91c0e8ff0052ff00091bc48a83f78eb8e5b2728c75dc460eed78733981660c9e1a6c4ee924ad59bb264b95a424c31ba48e3d55f87a7dbb3f725e43671f255e39c72ba5ce477500a5536da0ab5d7e0372d760fcb823f21f88f41abdc7b8d56e3ab35a9a6391cf5fd9b29989c012ccdd3e0403f970aedb246bd00034a9fa7dc29dd6ea1548d3047ca673c9d9e071c2ae19d3b08c71cc7bb4ab8fe35fa8f52ce53208d838066fd27b58bb0d6e548ca45e81fcd8bb7e364d95c804123a6b9a788fd43c1e36b53931f8bcca548d2046a775ebcee9180aa4ada8bd3eeed1b7cc35a19dd8ee7a9f32741731c971d88aed66c4f1c5083da27949ed2c7c12241bb48c7c9546b3771bad9baac6766a5459506a7d6748d2a005c6f6a3c4b3062cb210736385baef48d88cdd6a1ca6de739bd5b78274414306b7616352285f669a46b7177c3eb4ce3627a6ca00dcefa39cfb3cc71b4b0985b2bf53c83bd7eb2060e22a08bdd66cc6e9dc372ac110fb5ba1dc6bb939848b09b17e95ea98b93647bd7a9fa554093e11eb2b9f5111b7dbb9d02fb4e9239262ea70bb72724c4d332632ec66b58a119dd6aceee6780d63bec95a794ecc83a2b1dc74d86ab1bc65d13c2785c2da247ee315c802788cc8399e9abac777d4f22ba16edb2e2474f31cabdebd08b296e3e315a3f4b175e18a5ca953e155187d35053e3bd868fb9cff00e9aff16b4dc52079e4b0fd16253d7c816ffc0692b1e94f8571f92f722b4b15ab0ff5396b27a992dc83f910a8eade9a8ec455f21bf4d1cc4e3b90722a8b67272cdc7b0b3af7478c8484c8ceadf2bdbb1d7d01b0e9145f17ef379697876b2ef7705a3b0860bfeeb9b465f8b5f8dfd405e8fb89d515afdf92c028cd5380fbabd335935a156f666c0f82b44f3856e80845fcb4ff0031d87dfa45c5539ea5182bd825eec85a7bae7c5ed586f56727fceddbf60d36e7ff004be1b58f9a2e2f92b149a478e6931f76796dd1b0f138995661317963ee751bb237da0e9133398b54a3bd8bb15df1fc9c2ac35f1d210c6496cb88239aacbf2cd1eec4ee3a8dba8d35fe972edd2e1d66133dfc45cadee93cd76373955f6dbb898b16ec145b053c83136e7c051ee1f18c95fc8f2523f2140c4629b6f9abd673258981dfc25b04ff00cbad331d0fa555371f149f19fbfc3fb34af89c656c2e369622b8de0a51243d3a7795f9d8ede6edbb1fb7464e5ac9042a228db61b0276f2e9d759077119dc3ca6fa7bb18b63a0600f4d863cf5d92291a30a2d763a98df89a4efd44b3fd4ede3f8d20ee8f253fa973cc0a544acaea7af4f566ec5dfedd2ae22cc36ce5b92c92aad7b5318e29a421634a94f7891bbbc83bf7b1d71c82ed9c8e6f3898546bb9c91170788a900ef94471fc772c1db70a82591be36d86eba6ee2ff00a590c7468af31ecb2292815b035d8fd144c3a992cb0eb62566ea77f80750011adadb6dadb50f2b0895cdd98f1d7db6d2b993dc5fe5343fa84888006b6b5c01cdd94b9e8d47ae87d1c765bf51e8a63eaabe2b8580ab67292af6dac87a64376548dfe48bbc7ce47f7aeb51c46331782c7c38bc4c09471b5149083a0007567919ba927c599ba9d58f0554002a200a88a365503a00a07801a4ae477cf24b76389526618aae54725b91b15ef2477ae2e175ebdcc363395f957e1f16d1a1dd431295841876d0fee4ad9c92b7004f2b9c2d49389257bb769dcd80e03f850dbdcaa09efc3cdefb98b034acc747028e360d1cf32c3732cea376f8a1593d2f64609dbe2d4d599618325c82a620c28f5313525c8598bb01895a546a552029f2f6fa6666edf70d4d57c49be9ff00d6b4feef897d37ff00e4be9f0ba3debf5d5f42789f4b716b5aff00f933bdeaef0da95a7c1e6b8a5c51254a17aee35a1f0dea58ff00711af4dbfd2b1b6ae70abd624c64b84c8b6f95e3f29c65c2df34891a8356cedb93b4d0146dcf89df542bbff47fd4896b93db5b92d012a0fdebb8f3dadb7bcd771bff00875e9c90ff00db79ea5ccd37142755c5f2103c16166deadd61b81f912376b31dcf637bb5ddea69dc4d09c04a4489f3fe7722829880470c0f4515e51c78720a0a95e6fa3cad3716313910376af617fe31b8f82453d0afdda444e4069e4a8f21bd00a193c3cc30dcb2a1207a552eb2f65852772d02ce1258d8791235ab78696b96f138f9157f5ea3a55cbc514904362452d14d04a089695c55d8bc127bbe246f897af8a70ba8742f9a1363fa5f0746fd2c0f51c7a4a49b10326cc738c9baa994820ec7c469739adda30e19b176692e52d661851c7e258edf513b750491b1448b6f51a4dc766dbee0eda1fc1b356a1e3f3e339537d265b8d2fa393799b706b229682e77fe2478976eff0032a756386567cddbb1fa819389a37bca60c0579475ad8d53f0cbdbf864b47e363d7e1d803b69bd9ec4b6e1839b2426e581b5f8ad8f3e743793b3866688f1fc2d5e1d879eee5ae7d564a48c4f9dcd58625a56853c4bb751144a3645f21d7c49d0aaa25c9b2f34e49049e8c244bc7b07dbdef083f0c36658be57b936e3b14ff281dbe6ee3a60cae2e2cccd57eb58bd1ad209cd2dbe09a5420c266fde48cfc413c0b6c4f86aff0089dfc4f88fb744dd79906368700305b61a572b8fd4dcbc073d5562f8a80e330f72c5e5e41c8bb64ca8eefa1a68ddd063e37054c711fc73329da598f8f82ecbe3e3c9792cb8d4828e1e1fadcce42435b1b587849281dccc4f94512fc523f90fb75673799ab4aad892698434eb234972c9f00883760bb78fdde27a0d51e0f8bb1289799e622315fca46a98fa8de34f1bd1e2836ffd494fe64befd874db49ed233bd9d8b9d30402f230c07feb53fd468ee0428091777eeaff0078fb289f1ae391f1aa933cf37d766f20c26cb651c7c73ca06c00fdd8a31f0c683a01ef2745598282ee7651d598eba24b12c7cffb34a974e4f94d892a5199f1d808494b39353d93d861d1e3a5bfc8a3c1a73f6275dd87777b96dc480200b1a611a9c1554617207a8745511428bb1c4e24f135e393e437b297a5c1718805bb717c36a6937152a6fe0d7245eacffbb027c5fbdda3531d89c262ac1b666febbc82b9314d94b4564686423e248517f2e0037f9230081f31d065c9c79a0fc6b849fe99c5e86f0decbd5f85ec3f8357a121dfc7afa960ee4f88f693956a55a35a2a74a14af5605ec8618c6caa3fbc9f327a9f3d21ba946d818e327c56efb1ef053c0fc37f8075e34dc11194867168c64bc09f6f4d599e696cf70b0c655705591baa1561b3295f0208f2d2bd882b610ae26f47ebf15c9ffb348e5dd9694b27c295d9cfc42b4de1193fca7d86fb11b32eb896b41722929da8d66af614c5344e375747f8595b59d1ca558ea24a9cf1ed5c64ca7832f03eca6e48815ec8008cb92dc879a84703e3f5ec5cbd92cdd86cd5dc0db7c3e1dac80c2b435d236f53b3e5361fbc07908ee3da36d68258b1dd8ee7592f12bb929abad1c6432ddf52c59b8b07abd8b32c931482e656df6931c5e9a011c2a0c92eddc7e1d6b42399e2254a097b4f6efbf677edfb7b77fbf5e9665dc49e16dd6d60a2c8b645b8ef3b0c06271ac8ba82cc7973cfa0577136cfb79369579de0a2ccc31888087270234b8abea07ab5eca90f1b2378ec594061e046bb839165b1f7eae3795e2d6835b916bd3ca54984f4669c8ee58b7711cd0bbec42875ea7a6fa2d9aeb3d5dbcf7ff88d5377e3c1e5f246e34bc12a3a71c1ee08e8e5e9abc015e71c432b03d4290387f299390518172308ab956aeb64a21de39e2eef49a787d9db20292278a37bb4d12626e64ea32d2c8ff4e93bd434f1c6b2ccaa0eedd824f811987831076f6690f100438ae2b6d141964ccdb48a4db6220b925cf5547f0b0453b7b86b41a563e9ec2b93f037c320f71f3fbb58f32c51eeb52a009ad8693da552ae572398c2f634fa991e065d5da0063c4822f6e9ab982e3d87e3759eb61eaac1ea9eeb33925e79dfcde799f77724ee7a9dbdda29a9e1a0fc8791d4e3f5e2ee46b791b6c62c6e32223d6b32ede0bfba8be2ee7e151e3a7de49256d4ec5cf39e1cdc8290000c850fe619cb75120c060dc2e7f2c184126ddc2a565e935f947908c744dfe67dbc7aeab50a347134e2a157f2aac0acc5a43bb9fc72cf2b1f99d8fc4ec7cf5531d49b1b159c9e5a65b196ba44d93b83e5247c95a0dfa8862f95079fcc7a9d03ce4d632b40e323631dae49663c4d70bd4c5547e75b900f309103ddef3a5487ddc89b788d935817f89db02dd0a32e6e9a7638c431bccfdeb7d851ae2f6d20e3199e6f7633ff00dcbea324108f8c52ad194ab17d9e947de3fc5a9a70fa3adf45fd3fd31f49e97d3fa3f87d3edececfb3b7a6a6bdc7811f81f4fa7f6f4787a7f4db4dab1f5b6bd77c6f7eba53fd458e5ab431dca2aa179f8e5d8af3aa7ccd5b7f4ad27d8636dcfb869c2e56a995c74f56455b152ec2ca57c5648e45f0fb194ebcadd682ed59e9595ef82cc6f0cc9fbc9229461f783a11c272466c73e06d12b94e3c5685c47dbb9e341b55b436f159a250dbfb771acbf3a835224a01ecdd588e43951206b1b75d56e17929ea7770ecb3b35fc6c7be3acbedfef31ca7b22977007e6c5fcb947b46fd77d37e94395626d492c17b12523cbd197eb7132c83e0f508ec9eb487a1f4e74251baf983e5a3981ce54e438c8b274c34618b4562b4a369609e33d92d7997f0ba30dbfb7c0eb083f88a5cf7d4e9900f8b838e67f5d32e9a48b77585d7f0eaa5ae6183abc8f93e070eaaeb2d88a67cd4d1305eec4d778e535661b862b359f4d5483d3e2f69d3eca400235015401f08e8001e000d2c611d6cf3ee4d23825a950c5d5889f2594dab2e17ed246991ceeec7dfb7ecd6c4ec61f2c8901c66cfe5376fc052ea2f293c95cea864ae7a2a6bc47f35c7c647e153fde756ac4e2b42f311bf6fca3dac7c0697c6f249bb9dd9db763ef275e77753685d0b9b0c79853fb688312ed92fa4d2f5caebc9f92e3f8804f571d50a657911e857d28cf753a8db820fad2ecccbe3da35a54cfdedb7b3c7edd28fe9ad25fe9390e45210f773f7acd89dc0f963af2bd4af003e6a8b1923fc474d3adc9a3fa3d841b44c0ca35cadcad8123edc0528ce6599e43c0d87457ddb7e9e3bf96b2fe5198b3ccaebf1ec5c8c9c7217f46ed9858ab64265e8f56175f96bc7e12b8f98fc23a75d13e719db16ac3f13c54c603d8b2676ec6db490c128263ab0ede134e0124fe14ebe246a9623fa76271f632361a3a5428a08d58f48e28947828f1dcf4007893ef3a419cede3d605e56b681995d5dd3f31e1fc29bdbc01c1964ee2e40fbc472f30a3756b57c7528eb44121ad563f2d9234441d4f90550349195fd4669d8c1c4e04b102cc95ac676e064a50c92744f846cedbf9336cba15c8b2796e491453db4fa0c0caf1be36a48414964efde1399036658a7f05ed3da858776bd6e0af7e98cd55ae7748de0c8d02bdad2d54dd2d5199176fcc8762633e4474e8754dbec510893743c567270bf615bf59e2c7a6c38de9862f25c292800bdb2665e5e615761e4bcb7117de3ccb4394aec4bc3157afe84b2c68a5a75aec1b6f5e203bfd271f1afcadbe9cae656bc582b39ca72acd5d69c96eb4c3e570232f19d8f5ea76e9a44af5a4b988fa09ec17680c6d8ecb29dfd409b4b4ada91f8d06cb20fb7f7b5dd6b6f530991c3dcae7d0be62971d4e12a36b53cbfee69216e8b0b488650fe0b1b3798db5cdc6d6272acaaaacaeaae100557426da82f03c7efbf0aeb064175d4558617ed15269d7117b01c038be3a8cb24142331a34f3da7ed69edc8aad33edf3bb777ec1b0e8069971b988b20237478a582c0eead62060c8df632920eb18bf3597b962de46c34b9091d21b97a08fba5ef9477458ac2c5283d8003f149e3e67af87bf07c84f87e45163208bd0c464cccb0d68d8c95e0b95104856099d899094522560a14bf86fdbabcd04ac8fb8694b38bc8cb6ec32f7982f1c0620faa97f0954042805f0e56539037e9ceb54fd4590c7c3acda51bbd69e8da43bedb3436e093707dbd35773f376491b8ea62899f6fb0effddaa3fa820d8e24f4e36ed96fdaa1562f3dda6b708dbfe5df5632cfdf758792285fef3ff1d33e7735f6e9c7c5085ba74ab52fb14bcc7f486fc29061ae2b2f02c7b6e3b5e59cab027e34a52c9d49f3065d306632f0616182d5c8dbe8a49d2bdab4080b584bf0a4d36ffe9f7eca4f96faa390de5e5f808146e2b55c8db71e4032c35508fbdc8d1b9aad7bd0cb46da096b5a468278cf834720ed61fb0eb126752607901219599c038f6a57bdb9f92b41010240a6c41163d0055dc9f26a983c6c12d856b3909dbe9a963a1eb3599d7c110790f3663d00ea74bd8bc7cf5e6b3c833d224b9dbaa05bb0a498ab403aa52abbfcb127e2dbe76ea77e9a0bc12b87c445c872764dab689263ead89801f4f4aa48d5d6342bf334853b9dfc5ba0f2d79723cedab73c787c4b7a772c29921661b8af083dad7675f77844be6da69925773b446c10e9964c81d198e81c687044bfe330cf1519e795b9f92bdad668e62f4d0541dd4e93984b0f07b1e71afb5907cdec27b7c77d5ce2b4db29cbece4cfc58ee3709c5526fc2f7a5224bd2a7bd3f96741d04582c4b3d15e945161a28db77496e76f4ebf71f37799fd473f69d68dc730d171ec253c444dea1813f3a63b932cce4c934a77ebf1c8c5b5b9e4db54f15a5516484684bfc6d9b1e7b7f550bcca521521e27b4d6f40a2dbea6b9df535e82b26a96372d8dcc5616f176e2b95dbfd485c381ee3dbe07dc74bfca2bdbc3e42bf38c5a1965c7c4d06629af8d9c796f51fb7fea4077913dbd47bb5dd2c371ae5f1cd92b349f05ca29b8872ef8d98d6b30cdb6e199a3f8658a45d9e36752197de0eac4d89e6d8c8f6c5e42a67e041ff00b6c921a96d80e9d82c41bc2c4fb5a31a0caf035e09194161dd26c483c95601bbc051db0d064b1b1dda6e2686445b35a54ea1e3750c197dcca77d29bc8fc7b28fc8eb066a3642a67eaa751dabb04c9228ea64857a4807cd1f5f15ea3f8866aef1cccffdad97c45cc4626f3ef8637155a1af6642ccf412cc45a278dcf58baee0fc3d7a69b2ed7fa5b0557a237c51fd87c47dc75e3bcc209763b9d605c1163c8e872bfdb035a5b62b346626c08c54f21e354b8930939d73995183c4ff00d1cc6ea77520d466f848f2ebbe9b0f89fb7499c154a731e6c9e0a46224403c0035a44ffe4d39332206795824680b48e7a0555f8998fd806b57784c9b4f2fd22e5e3161ceca9614a28d324a0fba73e8a5fbf97ad6f2163115897931c236bafb6c8b24ca5a3877f36083b8ede1b8f6ea85fc954c3d29f2b79fb2ad34f5653e676f9517dacedb2a8f69d0de29bdbc6be63b1925cf5a9f2ad1b1dcaad87ed8107b84091e834763feeecdadd277e3783b3fec50785ebd17cd65bdb0c07a20f33f78d632ecbea77f2c4a7f6e26b3bf32764e9f988ecd6946c52045b769c60392fc4f453c7e98334bc0b112c8bd8f28b323a1df7567b333329dfd84eda3393bab8cc65dc93af7ad2af2d965f0dc448d26df7f6e84fe9c311c5d6a31ee9295dc856909f1256dcae37fb9c6ab7ea44cf170ec9c111da5bc61c7a7ff00cb99206ffc8cdaf47e691876da0030248eaec9f5565c7705d78dedd7952162d266a7158b2ddf76ff00fbebd29e85ec58025909f604dc22fb154681cb6e4e4f24691a99b0d5656342a2827eaa653dad72651e280fc31a9fb4e8ce560fea5356e3b03b42b946916ccb1eddf1518143ce577f02ff000c4bfe23a67a94ea63e05af46158214508aa83af6a8ed009f13a5b65106bee64172c49407872b7b056cca0610ae0a96bf4f01eda09061327651bfa859f4e3901592160256653e2ac0fc3f769930fc684818d68b689d834d6e7ebdcca0286f2ee6d801d3f6e8f63700bdab63203763f12d6f203cbd4f69f768f79003a01d001d001eed682edd38a280780503efa5a4dcdb04249f889bfdd42f17c7b15884415604ef8d7b51ca801413bf6a20e8a37d5ab38cc7dc555b35a36f4fb8c4e14068cb7cc5081d37d5ad4d182201a428b725a952ec4ea2c6fcb7a41cbe262579b1d606e3e68e651b38eef0914f91f6e91abd6969f33e3f5663bbc562c804781535242aca3d846b51e49b7d6c3b78fa5f17fcc76d2464224939c711d977936c8b330fdd5802aeff6173a4b7602edf72065e0cbfd069dd5aa34739dd2ff00da14f7c942d99b8b637d40b24b918ed15237de3a50c965bff304d794f28926967760aa4b3b331d8051f889f60035e366d0b7cc2cf690d171ec6a40011e17324fde763ed58205ff009b49fcc32f15cb71f07ab384b176233659d4fc71d251ded027fd59c7b7c13af9eb0bcc15a79b6fb753dd8959cdafa142805bee142d9f655df8bb695e724e554f8ce75f3bcdede45a00b46d50920c24a490c6b54b09ea48ca7c3d677eefbb6d3a652fae2f177b26ff002d2af2d8dbdf1a1651fb76d2af198126e577e7894475f118eaf8e8a351b2ab597364aaff008638d06bdbf52ef43538a4b5a6775fea73c1480887748c8d22c937a6be67d3423efd2d3c492efa08116ca444a573b29ffa6c4f3d322f1c529bdec5b1e56e3e9a5ea37e5c1f12c25192169ed344ab4f1a87e39ec4ecd60ee7c95449bbb1e8a3dfaea956b09666c7ac82c652cb24f9fbf10d82961f914e0dfccafc283f0a6ede246bc3befc5795de18cf26bf195ad55be28717414edbc84789fdefdf6f8474f1f5315b13c1c378d3b3656eabcf7f2527c4d5e197f9d7662bfeb480ec83c86dfc3ad36006b3d905cb48cdeee7a9989f814ff68f2e156d41141370b180a071cb2f99b8f20eba60e3a6be6f2af664291f1de37296faa72163b39203b3d405ff00d2aa8485fe23dda619b9f62a791eaf1d866cfdc5fc3457fdba9ffab6df68547f98fd9a45ab8be2900831882c72918e0200d3308f195fb4eec15630b14926e49207793f88e9a572495e94d90bf2263b058f5ef91615ec43b7408153c7a90361e27a6983e68bb68561d9c0c7f5cbd92eedc7c31da258e430a446d1e62d3cce14666dc9c80d7b5aca7258c4590ca58af42232a47530f4cfa9258b0edf935e6b932150adf8cc71fc2bb9eed86a6bcb195f21622b3ce3395660f5eaced85c120de58602858b32f9da9c0dbf841edd4d33f4fe6be07d47d41fa8ef78365f074ff976b77bf55ff1a5f5edf5e8d1d8cb57bdd3f951ccce2ee7d42e7b00c91672b27a7db27f26dc1bf7353b23f75bf0b78a1ea3a6e0ca5ccf1871bfd525f51684727a171190b4d8f9874961b8a3aaac47c5fc3b7e2f0eba35be9633f82b31da3c938f009964502ed427b62c8c0a36f426f2f500fe549e47a1f87c1bf32d97d4c5751fb91e298db57c484f237a0d0a2934120f75b03cdc8474535646850cf62a5c7dc02ce3af4609ec6f859491247246ebe6080cac3cf63a018e9b28ad2719cf169b25514cd8cca6db2642b2f42771d16c463612a7d8c3707a2bd1b33d2c71ccf0879e4c2cc585fe3d17689eab83bcaf8f8e50cb0d889bab5761d8fd7b76dc69878ef36af752ac79796064b1218b1d9a887a756c4c01fc8912425aa5bedf185cfc5d7b09f01e7829961923c5d45c146ecc9130fd3c3a38f5531da8dd5c6073047758575c61d6bf3dccc006c6fe2a8d9fb4d69a7ac7f677aeaf7ea0da969f0ace340379ecc231f00f32f7a45a836fb3d5df546fdaaf8bfd50e38bb047cc50c8536dfa0dd1a2b49fb5a33fb7563f502336178d6354fc56b3904ce9ed8ea4735b6fed8d75abb742bb2da4cfff00cb1cae793f6efa7d40d0dc8699c0ff00b8ca3efce95797dab18bc6e3f89f1f6f4f2594edc75371e305485024f67dddb18db7fb48ea3446952ab8da75f1d453d3ab5231142bfc2bf88ff131dd8fbce80e126833dc933bc944ab30ab27f47c7203bfa504403c9374ff00d7724a9f66fab7c8f3870d57b2a88df2132b3c22627d28917e133cfdbd7b7bbe1551f31dfc94ea9e5db5306dd108fdc93b72139ea6c6c7e51e9bd688618ca72c97e51f8d35f009912cf26c6004343904bbd474daf568a5f87dbf1a36bc7f5306f8fc345bedeae66b311ed58239a7dbf6a6877039b31172459f3091c09c831093d58d418d9cd19402d2c6c4ecec96bbc28f953607a83abdfa8fb3e438bc04eddd66e3fdeb51d7affcfad09c2b6d4ca0dcc51c8411cba190d67c763bb50b934abfd57a53c118ecf20cc4fdbf1e3e0ab411fdd3775c976fbfb47dda79c0d2166d9b120de2adb100f8190fca3eef1d2370bfcfc35aca6e43e5ef5bb4ac0024277fd343da0f43b08ba03a74c2e793136abf15cea0832cec3fdd20edaf61a5fe44881baafaddac9b782c8bd9bf55dc7b78b4aa27c0a01f9b8fa69e9e5b213c642483fa7f85376a6a6a699a4ea6a6ab5fbf571955ae5b6ed8d4f6a81b6ecdb121577d87802493d00049d80d0ce3f732dc864197286961ca918fae46d2590dff00ef27ee1bac67fd14e848f8dbc401d009aa9602bc6cd39b3191b32c47b6bc03d2594f83320f953dbbb789d28510b6bf5270f5d87c55f1566723d864b09175fb94eb52d821d976d94f4d86c358e720c8ae1793f39c8c52ac1252c7d1c5d399982fa72e499a40e09ffd3ef321f72e93de445a070312f653fcec17db47f1fb3a72c0691f28af76e4c715c76ff23dbeaaff0023ca5a9f1158afc52807e8a92bff00d38e183bdbcbb7edd26e2a38ab726596e4feacd5e85abf93befe3249348a924a7d802a1ed1e435e39fb395c6cb8dcb5ba062c5cd5457e30b3c9bfa58f842217644f927953b1dcb75d9bdc46bdf8f574cef20bf0295928ced0a5b76e88b8ea404d3976dc01eb4ae918ff36fe1a53c14876db8dc3e7303a88f7631d9118e755cf95aad0381a310741cb9f3bf59a7fe194a4ab879b2b7bf26ce6657ca5857200861751e846cc76d847028277f0dce9706570fcbf94451e52bb4b8878e6a7c784a9f9562475ff7765cfcc8cca9b41bedd06e366d75caf2990e4d8bb5670e3bb8d51915aeb21226c8c68e04e2155eab5e25ddbafcfb74e8353fa5435f2dc7edc130b14a18ae64a6b310ed85628ab76d7f4f6fc27d5e9a0f96ec5848dbddc0d32497d09fe52dbd76c00e4e7c8acda80518aa904dfdfb9c5ba296b1f988b07c4e1c90492e66f2af24512ca4cb3599a076810b7e23142817603cfa799d5fc0f1ecb1a760722b4ef364dfd6bf4a03e9b4cc37ed5b93c7f13aa83d224211755b87636a613030721ca580b23c3bc53cc4f6d5aeecccb1420eff0014858b1ed1b9df61e7b9b8ab5bcf307b7dd4b0fda5c5394fa4f34606ed3e41f7fca800ebe9efd47cdecd5770eaad304b05f1096948c7b27b291fcb87e428d147a9236945c841a63f745f377e9fb6357f1d252b5148d03a4188a084cd75404ad1c517cfe8f6f460bb6dbaf427c37d17c0e3e5e532d6cd64206abc7ea3093038a906cd2b2fcb7ed8f327c6353e1e3efd7961b0b1f265ad66788c5c5aa956a14597b3fa8489d12dd88fa6d5d76fc88bcc7c47a74d3f6fa7fcbbcb82b0dd4ebdace346c4a03ef37eb3e8a4379bc321f0d0f6466461abf2afbbea6be6fa9ad8a42b9df537d73bea6fa95295390606dd4bcdcaf8d2ed9244ff00ee38eea22c8c29d7b1bb7e59d47f2e4dbc7a1e9a0cd529724825e4bc51e28ef4ea6be571d76306bdb29d5a9e4ebfe0990fcb278fddd75a26fa52e41c7efd6bcfc9f89aa0cbb2aa6428c87b60bf0af5ec7f25997f049e5e07a6b2fcc7cb9a53f53b53a370a2dfa645f85fd87ec188660a3c3906a43f7af38a439e66b1908ab575b50e6b074e4c961f0d900f2cf466a33c36e5ab15a0a4d98278124584924f4ed3e5a72fd53cfd65c460b9463e42619eadd7c74dd14092f578ebc2cc49f85944c5bee3aa10f25c75ee4fc473917a95ec50c84b88ca63e70567acf9185a28d255dbe5f553e171d342392e3a7c465711fa7211556b65a6cb71db36623355fa392279a3aaea1fb884b1dc8fbf5db62357da319f63a66431b7692543c2c7b43f987af8d71942cc021d40db49e9cabdf8ed8863b18b35675b75952c717b16e0ec304b2e387d7e3ec2943d4c95a5913ed5d10caf1eb52d9199a912dc06c42d62ad86f4d65588eef5e39c82a9f96aa8a08f02fb9ddb54e6a1e9e1392cb25ea56398579e9720fe9953789208f1ca9b98a373dcc4c05fb8f89dc6fe3ad7eb43426c7450d7025a33c4af19fdf4900903fda77df4675d56607bcb63d34c2b855685813663d4a7db48b6798613239ee3b6a58e5a397c5e456b5aa3717b248e3c9c12560448a5a2756628c3b5ba81bf96bbfd5bb069c78bb407c75e1ca4a9fe25a9d3fb743b94f1bb0731670c8cf243c9f113d4a454f68391c63ff51a46561f2b052e37f60e9a19fa959b6e49c2f8ae5aa306973114d5fd35f0fa99e248648bb8ec076caacbbeb89b70bb56856e435f038db566280084dc020dc29b83eaa60fd39af5ace2b13142c1d3195a24b71edb3c761547745346db3237a849d987bf46f9ff001f8b3d86f506cb769166ad2ee57e19361244ecbd42390a77fc2c15fc5741b1f91c4f23bad91e316ffa272c853e9ec52b6018ee2d7631fa56514ed663464641342dde9edfc3a3c9c8a2bd05ac3e52b9c5e7440eed8d95bbc4aabd7d5a73001678fecf897f128d0e294306520a482e591b06e91ca28a250ec97b585945b2c303d75edc4b352e5b1a2be40326631e120c947200199bb7e0b2bdbd192651dddc3a77770f2d1ab366bd3af2dbb72086bc08649a56df65451b93b0ea7ec1a5ee337a89bb3631e545c8384314447e6347b176ed3e6a3e623446b66f1d7706b9bb2a61a2dddea24c031531cc60d8af5dcf7a74d1d49601ad9d7240119901cb2a59c6e3edf37cf3dfca46570d44856a728e9de089128f683b1652164b87c0bf6c3e11c9be8b3bf62fa69f3378fb7aff00e3af1bf7b1d83a12ddb92c54e9c00b3c8e42a02cdfdacccdd00eac4f4eba45cfe71ac43eb666d4bc7f0133762463b972b913d098e28e20d2c111f30bf9a478fa63c6d2ca9128d47138003163ccabc6970462c7218e3eb346ae67de4b2f8ce3d0a64b2119296642fdb4ea11d3fdd4c9beee0ffa31eefeded1d7599418f5ca72dc947cb678e6a34b2a6eda95a111b642cd7af156a95a0ab1191da2aebdecdf36fb8077dce9cb8cd8bdc9ebcf478e42bc5f038c97e90ed1a35e66ed49984517c50c019251f1b77b6fe40e986dd4c2f04e3f94cdd68b79ead696c4d72cb196c4f22af72896790976ef70001bedec1a5d62dc4d7f12d0a1eea8c64f989e07d55cf155806521c1170477483c9cb595fea172ba7cb714d529e3dd21a13b5937ef1109debf7c53c6b00ee93e21dc9f1f6f5d66b10bdff6c4587c3b144c9cc3eae51f0b5d9955a5f463eedb6af5c0d8f9348c7cbc19531feae263c75c2779235facd8f56766134c37fe2937df5e1929161cbd048634792a5748628b7ed44b1906222560bd42ad68fb8edae470c68ab1a8baa36b009b8d43ba4f5d3a6100024e6003cb73deb750a29c3e75b3c8f1a519d65af8d9cd8322344cec44317a7b305ee31b6ec76e834c9cdaccb5389e496b2f74f6d528d78d3a12f65c45daa3fc25b4bbc7464adf29aa92c71ed8c8e59ad5aaeced184b111892b38906eaf21d9b6dfc06fa33cae785f2587a73ba255a2d266721239d9634807a354bff008e676ed1e276d7256d1dbcf4aeab72db103ae984c5185eda9b4df2cec09eaaa18dc449008aee69a1f5a9c4a956b03b54a1146a1770cfd1a4d87c729ff2e8be27093f30996c5d0d171489c49142c0ac994914eeb34c1be21594fc887e6f98eb8c6e06d722b51decf466871baecb2d7c7d9d925bd22fc492da43f244a7e58dbc7f169f9331876963ac97eb19a4e9142b347dcc7d8aa1b73f7687b2d81d4371b900bfb89c139edcbf6ce97ddeec106187b9ef37173f855e00280aa3603a003c00d7ddf5cefa9beb56b3ebadf535cefa9a952b9df537d7cdf537d4aed7ddf42329ca30987b698fbf6196e4b199e3af14334ce6304a97ed811fa6e0e8b6faa194c452cbc689683a4b09efad6a07686785c8dbbe29632aca7efd8f9eb86f636cf85ea566bcdd38cf2b03258c5c857cdd5eb5aec18db652668fe348a5fca1bfc406cde2bef1d34fef37ff00e91c471f9ac688e9e7294f1ca22b0182c17aa37e7d3b1b0322c6e0b2fb762adb6bc066793f1750b946933b891fff00611c5fef2ba8f3b3145b7acbb78bc6037b54eaa35a9e95f7e69c3123bf56f807338aad2031dcecf96dd46f05b49f894fce3c7e2f1cc93cc7c29bc1de47e0abe092671b1f9b875d1d22246b8ceab6601ed0eaa016b1e30d53d3e454ac632e4f62cdda39ba2df53ea5ab3ddda90d984026578c88c4522059146da6dfd25cd4b98e13522b5b8bb88924c5da56e84183631efe3fe9b28fbb43abcf4ef61ac1c1579337c3f26ccf670d037a592c5ce1bd67fa3889f8c24abde2204346dd5375e9ae788dbe2f87e5d0e2b8c5c8a6c5e771ff00cbf50b595c8e3999e536a37ed91259619896ef50495f769e0a2c749b838f4575a424aea001185ed6b8a6ae6267ad8dab9baeb23be0eed7c8cb1c23776aca4c17028f3ff6f2bb6de7b6b22e5b0568abcb80c7da5b15ab722ad96c658af247243f4196ef1d917a65bf9565187de0eb7e1bee36f1f2db58dfeaf6378ad78694f5e7a74655b70c19ea350c71cb2d4795252f2450ecddf130041201d98ead1b70b55245c755e8b673f4b7342ddb8f17152c9e26cd996e55af6a47ab3d4927732bc714914727c21d89565ed61e1d75f33987cff1ce22f679bcf5b91e22a95966877923bf499a458e06a57cecd3ba971f13aa31f6f9684cd0705a565c622fde48772525a973200aedbec1bb656f97c8edae6e1c22d4fafc8e4f3593a554ad85c75e9adcb0bb21dd3f2ac449de41eaa19b4394a48009236257ba6d620f330aa41e5f1c6cf2c4e8be29d4f676b5ce6de19c01e5b0af9c73395f11cbff00ee0e4135d871221682864325596177f8557d294c1dc8586ec7d4e81f6d72dc828e7781a71cc33c936662c8492d751148633fef65b11ca64eced11fa7206dc9d3f2f15932b5556ed89e92394962355cc56015ea877f05e87aab03ef1aafff006de0a3cdc388395c94d9415ce42082dd996787d28e410993b7e042c19bc0eaaa5f4659654dba441ec5b50399fcc52ed1ca5fce728c5e2b2f24f166e6491eb5fbf1c66bd79605ef963c75185da2323236eb3cccc760761e5ae335c6e4c4e56ccf7b96e28890922f65199f229193fcaf4639151c20f0ecec076eaba359ec0e5c4d529a61067a94c247778da34314b1ede92ef619047dc19897ebec0373a19578e727a2f2ff0046e274294aa4091bbd10f51bf77d4854efdb7ebb2ebb1065edf87773ef138db931c87352dbada6d2606295f547707490d98e5d36bd3071be4bc3b8f62052c2497730cced3dbb30539e49279e4eaf2bb7a71c7d760000760001a1bcc7336f98d04c545427c6e215c5ac8cd74c692cc2bfe6c559204691bb5a5556766dba0f7ebd65c5f2fab516ce4e5c66fb856556b123fc5f857b422f4d06ca4f90a9465faa9abbfae0c289146e8dbb78b02d23780f76b8f349ddb017eb34dc3b482c194b10b8016d2b870b7252d409f533468e76590ef21f620f8a43f728274b75e94d9a9eee76c982ab64e649a85d99dc4959164ec8521af1ab19656445ec55f9bc3c3472f19a3c45b5a8864bd90edc4e3625df769ad7c321dc787643ddd7dfa65c7e0f1bc660195caceb34f4d0450ccaa7d1ae0811ac3461eacd23fca18eeefeed5356917e5c07551997535b828b93c31ab311c6713e3e6691258ebc5f9d32380d6ac5998fe30a4833cadd36f05f0f05d2ba71a8f2e67cb729577c8dc613cf5d2778e0ad120da183e02a3f297ccf81d589b2d6b31938cc54def5faa49c7606b3065aacff000fd5e46cf589262bd00dff002c741f16e74c35381daca3a58e5d684b00d993094cb25553e3f9f26fdf39fb761a55a3dc4e408498d2f7697227993891cfc6baf3c118ed8f1081658fdadc9d14bb430189cdcb27f42c3c39228ddb264ee348f515c1f880965691e561bf5118db7f16d3ee0787e2f0a52cbc714f9041b0b0b0a449183f86bc29f0c63f6b1f363a3b043056852bd6896186301638a350a8aa3c02aaec00d7a6fa7e0daa458dda46f89c963d57cab3e6dc349859517e141a475f2d7ddf537d7cdf537d3141afbbea6be6fa9a952b9df537d73bea6fa952badf537d73bea6fa952badf4bf6f8ca476a5ca602738bc8ca0995507754b0de46d56e8ac7f8d7b5fdfa3dbea6faa491a488639143ab605585c1ae8254dc1b11c959c4c162cc16b8e78af24b2429b4bf9d88c9383d090fda3d4fb4ac837f13aaf6ed725bb33f217c2d669f876455f259aa9650b32554125d85239e359e4430c9d433f43e1ad22ed2a792ab252bf0258ad30ed9219006523ec3aa5fa698cad5b85411b44af0e426b96258ceec1a39a678d51cbee5bf29154efa521da7d3b9292318ad658db1d07f4be7a6dee9bd184cceba0dba7f2e079c539432c527a73c0e248640b245229dc3238ee5607d854eadb53a8ccecd5e32d27f3094525bfc5d3ae91787d8970b3cfc0f24c44f8dee93053beff00eeb164ef176b1f9a4adbfa6e3d807dba7e8dbbd15bda3afdba69302475d524c403d46abcb0548002b5e3ee6df6d9147dbe5af2f564df7ee3f7741af7b7e087de755b55726f6abc6a34ded9d7ad75ee9773f87afdfaca79d5fb98afd40a596ae5457c46244d905ff53e96c5c786496303e6f45952423d80e9d79465793e168c790e358d872c627defd291cc73343b746aec3e1dc1f9b707dc3596dfcd72be639db37b1b8e8f115ecd2389b525f85ddab43eafad23067f496499998ed1aab285f13d4eb87484c48c8d75439906904d88e15b3e27291dc804c8413d04c88770091baba1f3561d54eaecb3993e041b29f1f69d6778627030d4af4999e2a70c75944a7732451a84024dbcf61e5e1a2d91cec96e330564682261b48c482ec3f77a780d084dd9b13f9d32db525c10303ff0d719abe2f5958603bc1012148f0773d19becf21aceb397c5cbadd8dbd7afbc716de076f9dbef3a3b9dc81a5544109dac5805548fc31f8337f70d28cd617194c64de2f5e42e20c5d100b35bb676091aa8ea5233b339ff002f89d0c5c9bf134c1d28ba460173af09afdba9c8ea9a1561bb1f1f85bea229a46877bb750993b1d55c77448157a8e9b1f3d14c5e0b21cbb925a8b9664195315156b3531f8e2d141db72366dc39fccdd40ed2df37bc684d4a3363ebbd7b67bafbbbcd9193704bda90f74ac48e9d0f4fbb4e5c7fb939a6ff0086c60ab31f69314cd1f5fb9b468f49702c08b114aee03088b5c8258123edc98538e3b198ec4554a58cad1d4ac9f2c512851bfb4fb49f327aeadefae77d4df4d5215d6fa9beb9df537d4a95d6fa9beb9df537d4a95d6fa9ae77d4d4a95f37d4df5cefa9bea54aeb7d4df5cefa9bea54aeb7d4df5cefaf3b1620ab0bd9b52a430440b492c8c15154789666d801a952bcb2967e8f1976defb7d3c12cbb8fe042dfdda27c56a7d0716c1d2f382856563ed6312b31ff989d667cd32b9dcc716cadbc2d615b8fc70149b296d4a9b82661008a845f3156320fcd6017d9ad86388411c702f8428918ff2285feed0e4380a2443134373d828f3d512149de8e42bb89b179384032d5b03c1d7bba3230f86443d19491a11c139fd6e4466c4de0b5791516921c8d05dc248d0b989ec53efeaf1f72f55f15f03e44b60dfc47975d65fff006d56cbc3c971d2178aee1b3d6add4b358f65aae97a38aec7342ebb1dc33b74f303540d617e4a215bb0180d586395eb5ab1b3c3dca770083beaa692f89f30b71cc9c6f97ca89966f868e47611d6c9c7e0ad137454b037d9e3e9d7a8d3a6db74f67b7518dec471a8a0add4e041c8e741ef56ce4d7249572d1e37131a288d218125b12391f98667b21d157c9551773e6749d7b188b3fa54f90df7dc7467358306f30919846e07b36d3472ae3390e4f5d2ac763d1a48433c487b64908f11de41edd2543c1b0f84b4b22d59e1b68c2449a49999f71d3b91c74dbcba68521c3116e436f6d33b75173a5ae4e6355bd144eb2598ebc71dc996c5951b4b3a47e92b9dfe6f4c160bd3c403e3afb3cf15585ec4eddb1463763e7ee03de75e9e27d9a5ee4391a18e1158cd0331dcff004bc2c27ba6b527efb81f87fb00f69e9a081734e12145c9c072d08c85d816293906759a3a6cde9d6ad1ff003acb8f92b565f67ef3f80d0cc2417b2dcb71590caa88ad45eadc868c4488a8d4aebdb142a3db24b22f79f68f6efafb14191c95e933797026c904fcb8a21bc346b8f08a11e036dfe26fff001d3070cafdf265b2edb1134c942b37fd2a837976f734ee7f668b7d2a6dc96fbf80a058bb296caf703a31b9fb615573d17a594b3b0d849db28ff32e8fe2432f29c491e0f839838e9f82c4057ff8ce85f2a4edb5149fbf0907fcac47f7ebe65a9c96390f168a2b73d09453bbe95aac57bd5e38e1942b2b86574f6a9e87523601949e00faaa6e10b46ea33256dd66b49df537d2ad6e4390c59f4793a466a8e899cac08ae7dd6a23bb5763ed24a7bc699a391254596260f1b80c8ea4152a46e0823c41d38ac185d4dc565ba321d2c083cf5e9bea6fae77d4df5daad75bea6fae77d4df52a575bea6b9df5352a573bea6faf9be814fccf8b55bcd8db396af15a46ec7476d955bf74c87e0046fd46fd352a51edf537d0cc9e7f0f87a232391b91c355b611c9bf77793e02354ee673fe10743a6e6f803416de2ecae5679dd60a746a10f3cd3bfc9108fe65dfc4f70e8352a511ce720c771fac93df762f3388aad5854c93cf29e8b1c31af56624ea61386e4f90d98f35ce2311568d8498ee34183c5191d566bc4749a5f627cabef3a25c47875bab69b92f2a68ed7209d7b60893e2828427fd0adbfe33fea49e7e03a78b0e6b39530b58cb3b0ef3d2341e24f87403727ec037f21d75566005ce02acaa588551726953f582dd4afc17215647512cef5560889d8c8eb6a193b17fcaa4f4f2d3849fcc6fb4eb3c8383dae4f96ff00b8b9a33b41d4d0c2b74f4d0f819c29210f9f6024fef1f21a093bf8e82589cc5a8e1029c0df0c7a6bd201bb95fde5234a54e06c77ea2e50a46561cee2ebdb32791b38f94d4907dbe94c874670d995b99acae1e64115bc5c91fc209224ad623f5209c6e07890c8c07832e85f2d9863737c5b26dbfa4326d8d9b61bec99281e24627c809923d580c3efaa3117bf41aa9ca78dd3b75a68ecd65b18bb1d6780ff00a4fe4e84754f730f0d0cc4f27b9c5635a3c9a596f6123d92a7202a649a05f058b26918eed87809d46c7a7775d684478ab0dc1e841ea08f304697721819119a6c70ef8c83dd58f5201f10bbf465fe13a0e2a6eb8839afe14d029200b21d2c3bafec34c356dc566b24f4a68ec569d43c53c2c1d194fe24652410740b924b1b8af5908699599d947e15236ebecd677738ccd404d3f14bb670b3925a7a15fb5abbfef765798158dffc3d3dda59b4998bf1494f2b9cbb66bbfc362aa88eb2b8f349044a1b63e7a85830b5ec39f3ab2426360c45cf35803d79fa28e6679a0ee931dc5113239052526b8dff00b2adef693c257f62af4fb7c34071b8a9beb1ac492c992ccdd3db35d94eecde6563dff9718ff87ecd7b431455e24af5e358a14e91c518d80dfd807893a71c2e28e3e2334e3fddcc3661ff00a69e3d9f6fef6a8485161f99a3052cda98dc8fb874552cb7a1c6789e4ad160d2243bbc9e1df331091a0fe1ee3d356b8a6324c3f1bc6d09f7fa858bd6b218ee44b3b19dc1fb3bf6d7db38ff00fb9794e1b8d3a7750a7b67333befdad1c2c62ab5cf91f525df707f0f5f2d30e482ff0052b623002faadb28f0f7edf7eb84111827de37fc2a2b033328f716df7e7eca54e509dc697f13347fb4aebc3965b38bcaf1bba8515a292ec3bc9d14ab5745f4c9f2ee2075d17c85636afe3936dd22679e5ff0a81b0fbdb55793f1d8f9257823924ed7aa657887806695021dcf915dba6e363e7ae291717cac7d35770483a73ba91d46f45ab598ed40b621f9240432b0ea3c9a3707d9e04686c75aff001e97ea78ec5f518f725ade0bbb6eddfa9971c5cf6a36fe3113dadf8763a07c40e4f0f6e4e3f9405e3705aa4bd774641fcb93bb73dacbf21dcf86dbf869b26b956bc891589962793f97dfb80db7b1bc35d0cc8dd93f98aab224a96716f5834571597a19aa62ee3a6f5612c51c6c55d1d7e68e446d991d7cc11abbbe93aee3af57bad9de3ae91e4dc0faba8e42d7c822f82c84744987e097ee6e9a3d84cdd6ce5336605786589da1b55261db341327478a55f223fb475d391c81c619f11597340d1358e20e479689efa9bebce59a2810c9348b1a0f1772140fbce82bf34e269652a1ccd4333b76aaaccac3b89db62ca4a8fbce8942a3dbea6b9ee1b6fbf4f1df5352a52a1bb95e588c98977c5e05fa1cbedb5ab2bbfc5f431b0f810f87acdfe51e7a4fe59985e359fa9c5f198cad6713f43146b8cb281aa99ec4a47d4ce7e667ed55f8be63d75ab7f7740074000f21ac5bf51d5a0e7c92bfc92d6a52a1f2d924f4cff683af2de59ba6f35f3358f7584411ca460d80239fe2e7ad0dd4436bb62d1e2d717635762c053e318fc96563549f270c56278e6ecda285bb59bb2ac2c5bb141f6f53ad0ff48f8ac4223ccf2f1c4f9fbb1468ab146b1c75e064565ec5503f36507ba46f7f68e9beeab9d432e272b1a8dcbd5b2001e7f96fad0bf4f2d99f8f55653b7ad529ca76f7c0aa7fe1af63bfb45e0c682c96380e519566ed13c4599db161a6c7989c69d26b1b6e919ebe6dff0086a918206904cf1234a362b23005876fca549f0db7f2d7a6a6b3c924dcd36aa145875d4d4d4d41d4eb95da4969da8fea8e3ed28de2ca436b1360efb00d02adfaedb799f8645fbf4c9cdb11366f8fe471d558adb961f5693a9d88b559858ae77ffeac6ba47e576056b55f2e5bb7fa766695a67f646671565dfdc52620eb55b20f6871e2877d5a33743fa58d49d34caa3e241eab7b282e132f067f0d43375f611e4208ec7603ddd8cc3f32327da8fba9f78d5c956568a4581d62999584523af7aab91f0b326ebdc01ea46e37d2bf1556c46633fc51ba57826197c483b0ff006991677963455fc30d95917efd35eb87035c5375f4503c3d88391e344d93ad1264aacb2d2c945193f956ebb764aa8fd1bb1ba3a6ff00858697f94e3b1755a76922578e180cc5e53f121d89dcc9d0ec36dfae9ce0a35ab5bb7762ee492efa6d686fba16853d35902f93766c18f9ec3d9a49ccd29b949b746307b6e92ac00ee0231f206ea076ee016dcf51d343974dc58624f5d31b6d7dab9c1471387352370f69f2b927bab1f6e3e9a860ee3e279641bc43af812a7d423f0af6f9b69e4b2286795c24680bc923782aa8ee663f601bebd060a971aa54f0f518c8f1a34b66663bb492c877691bdacedbb13fdc0683666b4f9ab18fe2354b236724717a64df78b1d5fb5ed36e01d8c9bac4bbf4dceda191a9f48c3851c3e884c84df8d317e9a537b18ec872eb08637e4130b1046c0868e8d606bd346dc9f994349d3f7b4bfca6e4a6a186bc862b597b9150af2afcca6c49bc8e3fc30abeb4ec87a38ac2c91d7458a38a21143128d95400234451ec51b01ac5b905c0797f1fa3dc7d3c7c5264645f22f338a916ff0060048d1650352a8f745feeca97db9251dce6ec16fd3de34e0ddbdc7b076af828f60f21af9a846c48f61db534bd3d5e53d78ac18da41f990b078641d1948f61f61f31af96eac17a07ad61778dfa823c55bc997de356ab42d66c455d7a19582efec07c4fdc35eb7a94d42730cbd54f58a41e0ebed1eff68d4b1b5f92b975be9be245ed4955eedcc0da7a538f5aba9eb1ff0009f0922dfc371e5e1ab999c459c94526678bdc6a5979e1f4ccb190a97225f9629bb81ec957e5493c57c35efc8a889ea8ba83f36b0f8fdf113d7fe53d74330593fa398549dbfdaccdd09ff4e43d037d8de7ab8247697022a8caac0a38b835923d9b32cc1ae2c724eb232bc17049349ea27cf148d3b921bdbd068cadba7762a4f5e34851aca54bd8f289da44a1ba380a37dbb7746fefd347ea9e1f12b5532e1bd0cd5a916bac480116827569241e4d08dbf307b94e9438ae3e2cbf35c4d070c63ee696cb21ed6ec8d1a41d7fcbfdba3ee1206da36eac6330a92d893aac31cfd159aad2c3b9fa7621c496b5800545f0cbd54c94af6571552c62a091afe12e44f564c74ee7beba4aa63325797ab76a83d53d9e1edd4d3164f8b9c764a9c7ded2e36e4f1c225e82442ec0147f2df6f95b53591feaa7e9bc4f1068f8eddbf97a7d34ff00d245af569fe5f77eead0f595feb1d3749b099841d3f3a8cadfc4769a11fb7bb5aa696f9ee3065788e52055de6af1fd6d63b6e44958fabd3ed40cbf7ebcf794ee7e9bcc36f31c8380df2bf64fdd7a36f22f176f2271b5c748a115a48ed578246eb1d8890bfb0ac883bbfe3a60fd27b2c30d5e8ce47af5167c74abff00529ccc00ff00f4c83a43e1b914bf848a20dbc953f2caf9fa6df1c4dfb0edf768ad3ca7fdb3979eed973162724f148d6c755a97900883cc078453a81bbf930ebafa7798c664856441a8c66f87c273af3db0902c8d1b9d2245d373906188adb35354a9e52b59a7f592c91c0a801999dd5631b8e8caec7b4a3791df542df32e27446f633353ec864f5cfecafea1d648c7118d3cdd924360451cd4ee0bf1b1d957e2627c001d49d288fd4be232314ad2ddb6cbbf77d3e3ae3ec0799de15d0bc9735b7914294f8ee7cd3f2edc6c80cbec24bb2fc3ec1ae90c05f493514a31b170a38926857352b2f16cf3b750f5e475fb4bab26defdf6d6c7103257457f98a00dbf8efb75d627979b279082bd39b8a674d292d5793223e910b35685c4ed1a2a4cdb991d157aec00df4f95ff0050a25775b5c6f90d552772f26324751bfbeb34da9023283a85ae4d4ddc88ec3410748188af0e5adfd0f2588e6448482839c666cf403fa7de74412b13b9dabd811bf4f2274d8415241f11d0e972c72ae11c8abdac5d8c846905b89abdbad7564a4fd928ec61b5b484efd7a7bf5e3c1af596c74dc7f2538b194c03ad4967041fa8a8cbdf42e020b6e26876ebbfcca77ebab30c3a3d5545617f9bd74cb2c6b346d13efd8e3b5b63b120f88dc6be41041593d282358631d4851b0e9e675e9b6fe1a179cbe95aab57461f5138ecd81eaa9f898fb3d8343240173c28aa0b108389fb1a5bc8dc8e7b166fcf208abaf73b4add15218c7cc7dc146faf7fd31c7c97e3b7ce2f46526cc6d162e271b3418d858fa0bd7ce66de56f6f43a5f9b1c39666e0e1684fd22aa5fe4322123b2aa3030d3ee5f07b0fd48dc10837d6a32e63038d5fa692f54aa205082069a28fb028d82852c36db6db5d81302edc6a6f251710a64b9f4d0be5d6768a0a8a7abb77b8f72f87f69d62f9a9058e5d953b7fed6b52aa1bdecaf6187ed71a7ccff2cc0cd91949c8c4cb08f4c7a61e5ea3ab11e923f9eb35bb92aad9eccdb5161ead992bbd79d6ad928ea902c6e07e56ff000b2edd46a87533b9b1cac30e71464289144a594637388e20d3f626e7d6d08a563bca9f9537f897cfef1d757b48183e5786a177d1b5756bc36476b7d424b08561f2bfe6a28f71d3ad6c9e2ee6c6a642a58dfc3d2b113fff000b9d09948388229a475618303d06f4c9c72b17b12db23e0857b10ff1bf8fec5d1bbf4a3c8573049d187c5149fb8fedfb0f9e94a1b1769ecd048f083d761f29fb8f43a334390876116400427a09d06cbbff001af97da357465b693409a3935f88b8db2b662d4bf246519e09d3a8263950fec61acf726b0e29ed8b6fd95ea6e5e4fe0fc3b7b490401efd6adc8235fea40c7b16963566db6f1ea01fbc0d617cfb2706672918a6e1f1b0fc22453bada962251a61ed890fc0a7f1104ead042d24be1af59e41cb5cdc6e563804ad99c8729a0193ccdecd59396c9b93d9188eac27c21aebf2a8fe26f163e674c5fa3159edf27c864dc6e2b5461bfb1e775503fe50da44c958dcfd3a9e83e294fbfc975b0fe8ad0f438edec93276b5eb7d88ded8e04007fe691b54ff00714cb0f97491260308c73963daf45eb3fcbd5a4dc095f12c751e815a43a248bdb228750558061b8ee52195bed046e3535d6a6be7d736d3736bded7c2fcb6af436c6f508d891befb1db71ae2410b4522d9d85764659cb740232a43927d9dbbea6a6b82fc33e6ae1eee3c98d7e76c31bf8ac9c898906eb5196588187f363b1595f6eede2dc3237930d69d0598acd3faa68da2899099e1b29da5176f8d655906c57dfe0753535f65d9f89e047e2f7b42eaf9ad8d78d974f88fa72d46d42284fc7b8c5a8b28f4e9e7b0d63ac78db72472bc0a18f7be27d76f4997b9be28f6df70366d6edc5f2984cbe2e3b98180d6a8dd3d16aed5594fb0c6ca9fb46e3d875353496e7c2d7fb5d76eedf9a9a8b5e9edf55f3b51ad7c670be44fd809d4d4d2e6f6c3d34416bf6af6e6af2333fe189befd7266b1e51edf71d4d4d0cf89fc28c3c2fe343336f21a123cff004e2051bc91dd453038f63190803efd6614ea61aee55f27c0e7ad8bcf2447d65c595b15a580b2fc1629231ed4eedbe28c8d8ea6a684fe2f0bf3df2f4d3117d3dbb7a6f7ecdbbde8ab37394732c7ef066f8f65a661d3ea312a6cd771fbca364953ec7ea3436bf20cde66c0a381c158a7348dd8f91cdf6d5820ff00aad1312f295f25f3d4d4d557c2c35defd76abb7d458f836d3cda757a28f71ee05c631f42db677949ccc115876cb27d5475a9fd5bec5feb040e1ddc7909a43b0f2d3861c7e9fc602e07fa41ede9fecbe999ba0f3316e49dbdba9a9a6f86159dc7b57e7e5a60f58003d38d98796c361ae4cd3794447da0ea6a6a87c4fe1451e17f1aad6a55311fad58c43e7eb28edffcfd359df24bbfa5819aadba9819edb0f89e415a22a3ff00a8851cfdc75353436f16dd9bde8b1f81a87896b7b79e8150e3d809a232f17b96689f9964c5dd925847b3782669e365f71d5a48b95d3007af4b34837ee1321c7d8d87b1e3f56027ed51a9a9a5cebf7edd79fe34f0f0edfb57e6d37d3ff2d05c8e4f29c82192aa52b787c14313499bb5690c76258954b3d7ac06fb46547c52798f774398e5eecb3cf25c5ae6212aa1a7591485483b768028fdc083efd4d4d6ced3c2fa73f4fdec755f3d5c3f2ac4def8de38fa8cb85b2d3f6ce95a4ee25bbb7dc125c9f12dafd39c16ad5a5c430f5a9cb1cc8b00696485c4886690992601d491babb153ecdb53535e53fdd1afc083e1f10eaf9b4f67db5a5e5b6f11b974e14c3a9a9a9af215ad5ffd9, 0xffd8ffe1001845786966000049492a00080000000000000000000000ffec00114475636b7900010004000000320000ffee000e41646f62650064c000000001ffdb008400080606060606080606080c0807080c0e0a08080a0e100d0d0e0d0d10110c0e0d0d0e0c110f12131413120f18181a1a181823222222232727272727272727272701090808090a090b09090b0e0b0d0b0e110e0e0e0e11130d0d0e0d0d1318110f0f0f0f1118161714141417161a1a18181a1a212120212127272727272727272727ffc000110800d700d703012200021101031101ffc400bb000002030101010100000000000000000005060004070203010801000203010101000000000000000000000304000205010607100002020103020305050506040404070001020304050011062112314113516122321471814223079152623315a1c172824324b1926316d1a25334b2c27325e18393448445171100020102040108070603060700000000010203001121311204415161718122321305a1b1c142527214f091d1e16223f182b292c233531506a2d2e243637344ffda000c03010002110311003f00d6f91f1ca3c92bc704eef56fd56f5b199283a4f566f0ef8dbcd4f83a1e8c34170bca9d2cc380e4a638330c5e3af6e160d4ef342de9c86b4a3a2ca08f8e16d9d4f96da62a192af9ac5d0cd52fe45f823b308246e048a1fb188f02a4ec7dfa50c8e1ea72aab2e67071c6f65e468b2f84b3f9715a9eb931ba48cbb355bd111b47617af86fdcbb6c926f00dc49b794692ac023706d42e14f3faeae53b21863cb57787c6d8de45cbb0b2900d8b51e6ab01f8a2b89e8b9fba58083a68d66982c9cf5f96e22e4964daaf27adc7ae9ba3d1c9d59261f594ebe461f91d8340cb1cd1f47eefbce9ac36623d8748f9da7f82ff329f411eda2407bc296d4a61b973447b96af254f5233d4a2e429a76c8be1b2b4d5829f7fa674c7a58e570499309868244af9460325c7acb8e8b768b093d36f1dc306d9ba7c8cdecd16c16621cf626b65618da1f58113567dfbe19a3631cd03ee17e28e452a7a6b2a452634939829eaee9fbb0eaa2038914ae21938fe766c43fc18fc8bc9770522ec0249fcdb747a6db156de6886dd54b0fc3a6fa5716da6c7a4c83e35f6ff10d56cfe161cf6324a1248609832cf4ae20ddebd988f743613de8de23cc6e3c0e96b099a96d4d62ada8fe8f398b711e46a7e10c47c33c3bfcd04de287ee3a5270c8df5282ea6c2651c0f07fe6f5f48a6622245f058d98770ff76add15f5ff005472d641ff00d960aad5db7f39ecc93fff0026bbe40e4731e169b7469b2277fb293ffe3aabc72d558f99f3ac8da912ac0b5b10d2cb33848d07a336eccce4051d355b37c83017391f0dbf8ecad3b890e427ab27d3d88a42bf57526893b9518900b281ad991494dab28254ed9ac40c2eca4fb693c8b83810d4f165bb6b4cdec46ff86dacf514c7fa8518603b2d613b41f7c170161efe92eb40be0ad29fa7e1dbfb46b3ecb96adcaf8bdd1b08e537b1f21f3de68567887fcd01d614b8ca53e2864f4296feed3d08fdad5c922fdbd355ed48e7f4543edbbd28a3f0ebb1a5795771d3cbd2d36f7fa7604a3f0bf77ddbe966a44f91fd3fe65867dd1e8dbcb42a3cfb7b8de8f6dbf79641a3d04e96abc36a3eb1d88d254ff0c8a1c7f61d13cd0dd6261c6491ae32ed8465aeec80d522f301eb14d7d0f51e07a8fb0e94ad15e53ca1316a4b6178dc896b2646fd96323b07ab4f71b065ae3f3a41b91ddd808d7b6733f6a8626a55c505933d949463f191bf50b2ec59ecc8bb31f4e08c7a8dd3d83cf4538fe0eb71fc5c18aaacd294ee7b1664eb24f3c87be6b1292492d239dfa9e9e1e034e6da411a0dcdaecc3f681e078b9e8e1cf4a48a7518cfba71a1fcdf914f82c4ed4367cd64dfe8f148db6c26704b4efb83f0429bbb74dbc079e9778f41530d4a8e0e0ee795a17b4ecdd58c61b633ca4f9cb237ed27d9a176725172ce45366cc823c4515968e326723b3d08c97bf90df73b2c853b14fee2fbf46f8b44f92efcd4d13412e65e36af0bfcd1518815a9191d402c84cadef7d2dbf27c3f08924dc33e38b4cfdd07e5c7afa69ddb2e850d91717f9625fc69ce2229e3958f8aa777f99bc3fe3a42e64525c27f4b73f165a7869900ecc50b7ad3b0f708e36df4eb9798009597cfe361ee1d146b35c9d9193e4d3ba9eead848cd28bd86e58ed96d30f7c71048cfda74045d5b9403bbb75d57fd42da7d3a6af0add71ce66c7e5189f6d5a6ca2e130f9ace1d835583f214f8199b758106ded919468ff0014c37f4ac56270ac077d68505823a8329fcd9dbef919b4ab62117e7c1e0faf6dcbc7276f6d88fa6c62f776b0f649332a8fb35a46253be69676ea547683ef6f1fecd4985d923ff31f5b7cb1f617d21eaf2bf6e593e05d23e66cfd957afcbe95595fc0b0ec5fb5ba6b12e556a496df26bb00064edafc7687be46fe781ffe658ffcbad6b9364a0c5d192e58fe4538a4b937bd635242fda76d86b1aa70cd24d80c75b3dd6a312f21c9f778fad2b37a2a7de259cf8feee9bda8bcd24a711180bd36fdc6fe90bd741817b200ccdcdf9dbb0beb269fb1223c6e16d321da2a913843e3f0d787b54ffe5d16fd3085abf01c12378b57f57c87f35da5f2ff001e97b293b50e0d95b48097fa4b0500ea7ba5de15fed6d14c4e4efd8a1538871111bdbc65482a64b32ff994e8c91c4a850769fcf9fa74453b0fc47cb5a7fede049de499ea9156ff00203f8d03cd0fee201c01c2982ff218e0cb56c0e3e237b2931496c408765ad53b8096cd87f05017e45f176d80f3226ab7f4ac4710c13e3e3b3616ee76c252932a367bd62edcde2160b1e9f940b49b782aa9d4d7a1b8bdae2f9daf8db96d59b8e7c2be71875c6dccbf107023fe9d2fd7e31000a1a85e7694768df73e8cfea467dddba1dc8259f8ae7e1e4d0ecb86c9fa74f3bfbb158dc474eeb8fdd3bfa3236e361da7aedaa9365f7c4711fd4646f8218a1ad9c7df61f437c243619f6049f42caa49f71d3cdea55afd5b18ebd109aad94782c44de0e8e0ab0e9ed1af31bb3a84723dfb4a6196d9ea88f7ba7223a2998f0240e06e3a0f0a4ee7984ab9cc3cfc82843e8f27c120b946ca0fcdeea8e2c7d3ca17f9a87b0f66fe0de1e7bb6e33295f378ca39aabd20c8578eca2efb95f5141287dea7a1d25e1ac5ec1e4a4e319199a4b9453d5c4de936deed01f0a96236ee9a0f9251b6e7a379efab7c09d31af99e23dbe9c58ab3f598b8fc07f4fc81332226e776114dea213f66a8bb9966dbcbb4dc1d52c004a8dfe6463026fd06f4478d54acb1f75f023e16e4a37c931767278deec7304cb51916ee2a46242fd4c20f6c6fd47c12a9689ff00858e97f0b98af5afd5cbd7430e0b97b8668d80534b3207a52412fca47ae63287feaa7f1e9e349394c6d2a394b587c9463fed9e5cfd59485fa6cb1ed3d1b6f87ea7b15e36dfa4cbed6d52060cad1363875e9f7adce3bc3f3aa30b1d429db48dce63af16571577100cbcc3f914a8423b9add376fce86df51e9c0bd584ac7646ea37d48f9467a188712583eb79c46c6057910c755eb8dbb7353326eab01423b947c5eaee8068ed4a187e0b8cbd9ac9db6b3766025cbe66c01ebd993a2aa22afca9b9091429d0740373a6f69e5f7d52ce6d10bae18f881b0b0e63556972d39e7d141a9701c7c572c72be71620b369911e7a60f662abad752b1b3acbfcf312b37e64bd3a9200e9aad731f439da4af8cc263f1f802843f26bf4a16b13a81e38f85c215403fd697a7eea9f1d7bde0f7ab8e47cfd4d7c524919c4f1455323c8ec7f23eba35dcd8b3236dd902fc29e7b9dc8be30d7f939faae608131fdcaf4f8da36f1205eaaf91743b4f26ff00e90fcb5fe33d75a47729b78f48d31a4602aae7a6d929b779bf48cb89a1e92c6e71271bd23d7e30d6238a9fe95e4b27156aec52de7ee5c3fd2a420ecc91c0e8ff0052ff00091bc48a83f78eb8e5b2728c75dc460eed78733981660c9e1a6c4ee924ad59bb264b95a424c31ba48e3d55f87a7dbb3f725e43671f255e39c72ba5ce477500a5536da0ab5d7e0372d760fcb823f21f88f41abdc7b8d56e3ab35a9a6391cf5fd9b29989c012ccdd3e0403f970aedb246bd00034a9fa7dc29dd6ea1548d3047ca673c9d9e071c2ae19d3b08c71cc7bb4ab8fe35fa8f52ce53208d838066fd27b58bb0d6e548ca45e81fcd8bb7e364d95c804123a6b9a788fd43c1e36b53931f8bcca548d2046a775ebcee9180aa4ada8bd3eeed1b7cc35a19dd8ee7a9f32741731c971d88aed66c4f1c5083da27949ed2c7c12241bb48c7c9546b3771bad9baac6766a5459506a7d6748d2a005c6f6a3c4b3062cb210736385baef48d88cdd6a1ca6de739bd5b78274414306b7616352285f669a46b7177c3eb4ce3627a6ca00dcefa39cfb3cc71b4b0985b2bf53c83bd7eb2060e22a08bdd66cc6e9dc372ac110fb5ba1dc6bb939848b09b17e95ea98b93647bd7a9fa554093e11eb2b9f5111b7dbb9d02fb4e9239262ea70bb72724c4d332632ec66b58a119dd6aceee6780d63bec95a794ecc83a2b1dc74d86ab1bc65d13c2785c2da247ee315c802788cc8399e9abac777d4f22ba16edb2e2474f31cabdebd08b296e3e315a3f4b175e18a5ca953e155187d35053e3bd868fb9cff00e9aff16b4dc52079e4b0fd16253d7c816ffc0692b1e94f8571f92f722b4b15ab0ff5396b27a992dc83f910a8eade9a8ec455f21bf4d1cc4e3b90722a8b67272cdc7b0b3af7478c8484c8ceadf2bdbb1d7d01b0e9145f17ef379697876b2ef7705a3b0860bfeeb9b465f8b5f8dfd405e8fb89d515afdf92c028cd5380fbabd335935a156f666c0f82b44f3856e80845fcb4ff0031d87dfa45c5539ea5182bd825eec85a7bae7c5ed586f56727fceddbf60d36e7ff004be1b58f9a2e2f92b149a478e6931f76796dd1b0f138995661317963ee751bb237da0e9133398b54a3bd8bb15df1fc9c2ac35f1d210c6496cb88239aacbf2cd1eec4ee3a8dba8d35fe972edd2e1d66133dfc45cadee93cd76373955f6dbb898b16ec145b053c83136e7c051ee1f18c95fc8f2523f2140c4629b6f9abd673258981dfc25b04ff00cbad331d0fa555371f149f19fbfc3fb34af89c656c2e369622b8de0a51243d3a7795f9d8ede6edbb1fb7464e5ac9042a228db61b0276f2e9d759077119dc3ca6fa7bb18b63a0600f4d863cf5d92291a30a2d763a98df89a4efd44b3fd4ede3f8d20ee8f253fa973cc0a544acaea7af4f566ec5dfedd2ae22cc36ce5b92c92aad7b5318e29a421634a94f7891bbbc83bf7b1d71c82ed9c8e6f3898546bb9c91170788a900ef94471fc772c1db70a82591be36d86eba6ee2ff00a590c7468af31ecb2292815b035d8fd144c3a992cb0eb62566ea77f80750011adadb6dadb50f2b0895cdd98f1d7db6d2b993dc5fe5343fa84888006b6b5c01cdd94b9e8d47ae87d1c765bf51e8a63eaabe2b8580ab67292af6dac87a64376548dfe48bbc7ce47f7aeb51c46331782c7c38bc4c09471b5149083a0007567919ba927c599ba9d58f0554002a200a88a365503a00a07801a4ae477cf24b76389526618aae54725b91b15ef2477ae2e175ebdcc363395f957e1f16d1a1dd431295841876d0fee4ad9c92b7004f2b9c2d49389257bb769dcd80e03f850dbdcaa09efc3cdefb98b034acc747028e360d1cf32c3732cea376f8a1593d2f64609dbe2d4d599618325c82a620c28f5313525c8598bb01895a546a552029f2f6fa6666edf70d4d57c49be9ff00d6b4feef897d37ff00e4be9f0ba3debf5d5f42789f4b716b5aff00f933bdeaef0da95a7c1e6b8a5c51254a17aee35a1f0dea58ff00711af4dbfd2b1b6ae70abd624c64b84c8b6f95e3f29c65c2df34891a8356cedb93b4d0146dcf89df542bbff47fd4896b93db5b92d012a0fdebb8f3dadb7bcd771bff00875e9c90ff00db79ea5ccd37142755c5f2103c16166deadd61b81f912376b31dcf637bb5ddea69dc4d09c04a4489f3fe7722829880470c0f4515e51c78720a0a95e6fa3cad3716313910376af617fe31b8f82453d0afdda444e4069e4a8f21bd00a193c3cc30dcb2a1207a552eb2f65852772d02ce1258d8791235ab78696b96f138f9157f5ea3a55cbc514904362452d14d04a089695c55d8bc127bbe246f897af8a70ba8742f9a1363fa5f0746fd2c0f51c7a4a49b10326cc738c9baa994820ec7c469739adda30e19b176692e52d661851c7e258edf513b750491b1448b6f51a4dc766dbee0eda1fc1b356a1e3f3e339537d265b8d2fa393799b706b229682e77fe2478976eff0032a756386567cddbb1fa819389a37bca60c0579475ad8d53f0cbdbf864b47e363d7e1d803b69bd9ec4b6e1839b2426e581b5f8ad8f3e743793b3866688f1fc2d5e1d879eee5ae7d564a48c4f9dcd58625a56853c4bb751144a3645f21d7c49d0aaa25c9b2f34e49049e8c244bc7b07dbdef083f0c36658be57b936e3b14ff281dbe6ee3a60cae2e2cccd57eb58bd1ad209cd2dbe09a5420c266fde48cfc413c0b6c4f86aff0089dfc4f88fb744dd79906368700305b61a572b8fd4dcbc073d5562f8a80e330f72c5e5e41c8bb64ca8eefa1a68ddd063e37054c711fc73329da598f8f82ecbe3e3c9792cb8d4828e1e1fadcce42435b1b587849281dccc4f94512fc523f90fb75673799ab4aad892698434eb234972c9f00883760bb78fdde27a0d51e0f8bb1289799e622315fca46a98fa8de34f1bd1e2836ffd494fe64befd874db49ed233bd9d8b9d30402f230c07feb53fd468ee0428091777eeaff0078fb289f1ae391f1aa933cf37d766f20c26cb651c7c73ca06c00fdd8a31f0c683a01ef2745598282ee7651d598eba24b12c7cffb34a974e4f94d892a5199f1d808494b39353d93d861d1e3a5bfc8a3c1a73f6275dd87777b96dc480200b1a611a9c1554617207a8745511428bb1c4e24f135e393e437b297a5c1718805bb717c36a6937152a6fe0d7245eacffbb027c5fbdda3531d89c262ac1b666febbc82b9314d94b4564686423e248517f2e0037f9230081f31d065c9c79a0fc6b849fe99c5e86f0decbd5f85ec3f8357a121dfc7afa960ee4f88f693956a55a35a2a74a14af5605ec8618c6caa3fbc9f327a9f3d21ba946d818e327c56efb1ef053c0fc37f8075e34dc11194867168c64bc09f6f4d599e696cf70b0c655705591baa1561b3295f0208f2d2bd882b610ae26f47ebf15c9ffb348e5dd9694b27c295d9cfc42b4de1193fca7d86fb11b32eb896b41722929da8d66af614c5344e375747f8595b59d1ca558ea24a9cf1ed5c64ca7832f03eca6e48815ec8008cb92dc879a84703e3f5ec5cbd92cdd86cd5dc0db7c3e1dac80c2b435d236f53b3e5361fbc07908ee3da36d68258b1dd8ee7592f12bb929abad1c6432ddf52c59b8b07abd8b32c931482e656df6931c5e9a011c2a0c92eddc7e1d6b42399e2254a097b4f6efbf677edfb7b77fbf5e9665dc49e16dd6d60a2c8b645b8ef3b0c06271ac8ba82cc7973cfa0577136cfb79369579de0a2ccc31888087270234b8abea07ab5eca90f1b2378ec594061e046bb839165b1f7eae3795e2d6835b916bd3ca54984f4669c8ee58b7711cd0bbec42875ea7a6fa2d9aeb3d5dbcf7ff88d5377e3c1e5f246e34bc12a3a71c1ee08e8e5e9abc015e71c432b03d4290387f299390518172308ab956aeb64a21de39e2eef49a787d9db20292278a37bb4d12626e64ea32d2c8ff4e93bd434f1c6b2ccaa0eedd824f811987831076f6690f100438ae2b6d141964ccdb48a4db6220b925cf5547f0b0453b7b86b41a563e9ec2b93f037c320f71f3fbb58f32c51eeb52a009ad8693da552ae572398c2f634fa991e065d5da0063c4822f6e9ab982e3d87e3759eb61eaac1ea9eeb33925e79dfcde799f77724ee7a9dbdda29a9e1a0fc8791d4e3f5e2ee46b791b6c62c6e32223d6b32ede0bfba8be2ee7e151e3a7de49256d4ec5cf39e1cdc8290000c850fe619cb75120c060dc2e7f2c184126ddc2a565e935f947908c744dfe67dbc7aeab50a347134e2a157f2aac0acc5a43bb9fc72cf2b1f99d8fc4ec7cf5531d49b1b159c9e5a65b196ba44d93b83e5247c95a0dfa8862f95079fcc7a9d03ce4d632b40e323631dae49663c4d70bd4c5547e75b900f309103ddef3a5487ddc89b788d935817f89db02dd0a32e6e9a7638c431bccfdeb7d851ae2f6d20e3199e6f7633ff00dcbea324108f8c52ad194ab17d9e947de3fc5a9a70fa3adf45fd3fd31f49e97d3fa3f87d3edececfb3b7a6a6bdc7811f81f4fa7f6f4787a7f4db4dab1f5b6bd77c6f7eba53fd458e5ab431dca2aa179f8e5d8af3aa7ccd5b7f4ad27d8636dcfb869c2e56a995c74f56455b152ec2ca57c5648e45f0fb194ebcadd682ed59e9595ef82cc6f0cc9fbc9229461f783a11c272466c73e06d12b94e3c5685c47dbb9e341b55b436f159a250dbfb771acbf3a835224a01ecdd588e43951206b1b75d56e17929ea7770ecb3b35fc6c7be3acbedfef31ca7b22977007e6c5fcb947b46fd77d37e94395626d492c17b12523cbd197eb7132c83e0f508ec9eb487a1f4e74251baf983e5a3981ce54e438c8b274c34618b4562b4a369609e33d92d7997f0ba30dbfb7c0eb083f88a5cf7d4e9900f8b838e67f5d32e9a48b77585d7f0eaa5ae6183abc8f93e070eaaeb2d88a67cd4d1305eec4d778e535661b862b359f4d5483d3e2f69d3eca400235015401f08e8001e000d2c611d6cf3ee4d23825a950c5d5889f2594dab2e17ed246991ceeec7dfb7ecd6c4ec61f2c8901c66cfe5376fc052ea2f293c95cea864ae7a2a6bc47f35c7c647e153fde756ac4e2b42f311bf6fca3dac7c0697c6f249bb9dd9db763ef275e77753685d0b9b0c79853fb688312ed92fa4d2f5caebc9f92e3f8804f571d50a657911e857d28cf753a8db820fad2ecccbe3da35a54cfdedb7b3c7edd28fe9ad25fe9390e45210f773f7acd89dc0f963af2bd4af003e6a8b1923fc474d3adc9a3fa3d841b44c0ca35cadcad8123edc0528ce6599e43c0d87457ddb7e9e3bf96b2fe5198b3ccaebf1ec5c8c9c7217f46ed9858ab64265e8f56175f96bc7e12b8f98fc23a75d13e719db16ac3f13c54c603d8b2676ec6db490c128263ab0ede134e0124fe14ebe246a9623fa76271f632361a3a5428a08d58f48e28947828f1dcf4007893ef3a419cede3d605e56b681995d5dd3f31e1fc29bdbc01c1964ee2e40fbc472f30a3756b57c7528eb44121ad563f2d9234441d4f90550349195fd4669d8c1c4e04b102cc95ac676e064a50c92744f846cedbf9336cba15c8b2796e491453db4fa0c0caf1be36a48414964efde1399036658a7f05ed3da858776bd6e0af7e98cd55ae7748de0c8d02bdad2d54dd2d5199176fcc8762633e4474e8754dbec510893743c567270bf615bf59e2c7a6c38de9862f25c292800bdb2665e5e615761e4bcb7117de3ccb4394aec4bc3157afe84b2c68a5a75aec1b6f5e203bfd271f1afcadbe9cae656bc582b39ca72acd5d69c96eb4c3e570232f19d8f5ea76e9a44af5a4b988fa09ec17680c6d8ecb29dfd409b4b4ada91f8d06cb20fb7f7b5dd6b6f530991c3dcae7d0be62971d4e12a36b53cbfee69216e8b0b488650fe0b1b3798db5cdc6d6272acaaaacaeaae100557426da82f03c7efbf0aeb064175d4558617ed15269d7117b01c038be3a8cb24142331a34f3da7ed69edc8aad33edf3bb777ec1b0e8069971b988b20237478a582c0eead62060c8df632920eb18bf3597b962de46c34b9091d21b97a08fba5ef9477458ac2c5283d8003f149e3e67af87bf07c84f87e45163208bd0c464cccb0d68d8c95e0b95104856099d899094522560a14bf86fdbabcd04ac8fb8694b38bc8cb6ec32f7982f1c0620faa97f0954042805f0e56539037e9ceb54fd4590c7c3acda51bbd69e8da43bedb3436e093707dbd35773f376491b8ea62899f6fb0effddaa3fa820d8e24f4e36ed96fdaa1562f3dda6b708dbfe5df5632cfdf758792285fef3ff1d33e7735f6e9c7c5085ba74ab52fb14bcc7f486fc29061ae2b2f02c7b6e3b5e59cab027e34a52c9d49f3065d306632f0616182d5c8dbe8a49d2bdab4080b584bf0a4d36ffe9f7eca4f96faa390de5e5f808146e2b55c8db71e4032c35508fbdc8d1b9aad7bd0cb46da096b5a468278cf834720ed61fb0eb126752607901219599c038f6a57bdb9f92b41010240a6c41163d0055dc9f26a983c6c12d856b3909dbe9a963a1eb3599d7c110790f3663d00ea74bd8bc7cf5e6b3c833d224b9dbaa05bb0a498ab403aa52abbfcb127e2dbe76ea77e9a0bc12b87c445c872764dab689263ead89801f4f4aa48d5d6342bf334853b9dfc5ba0f2d79723cedab73c787c4b7a772c29921661b8af083dad7675f77844be6da69925773b446c10e9964c81d198e81c687044bfe330cf1519e795b9f92bdad668e62f4d0541dd4e93984b0f07b1e71afb5907cdec27b7c77d5ce2b4db29cbece4cfc58ee3709c5526fc2f7a5224bd2a7bd3f96741d04582c4b3d15e945161a28db77496e76f4ebf71f37799fd473f69d68dc730d171ec253c444dea1813f3a63b932cce4c934a77ebf1c8c5b5b9e4db54f15a5516484684bfc6d9b1e7b7f550bcca521521e27b4d6f40a2dbea6b9df535e82b26a96372d8dcc5616f176e2b95dbfd485c381ee3dbe07dc74bfca2bdbc3e42bf38c5a1965c7c4d06629af8d9c796f51fb7fea4077913dbd47bb5dd2c371ae5f1cd92b349f05ca29b8872ef8d98d6b30cdb6e199a3f8658a45d9e36752197de0eac4d89e6d8c8f6c5e42a67e041ff00b6c921a96d80e9d82c41bc2c4fb5a31a0caf035e09194161dd26c483c95601bbc051db0d064b1b1dda6e2686445b35a54ea1e3750c197dcca77d29bc8fc7b28fc8eb066a3642a67eaa751dabb04c9228ea64857a4807cd1f5f15ea3f8866aef1cccffdad97c45cc4626f3ef8637155a1af6642ccf412cc45a278dcf58baee0fc3d7a69b2ed7fa5b0557a237c51fd87c47dc75e3bcc209763b9d605c1163c8e872bfdb035a5b62b346626c08c54f21e354b8930939d73995183c4ff00d1cc6ea77520d466f848f2ebbe9b0f89fb7499c154a731e6c9e0a46224403c0035a44ffe4d39332206795824680b48e7a0555f8998fd806b57784c9b4f2fd22e5e3161ceca9614a28d324a0fba73e8a5fbf97ad6f2163115897931c236bafb6c8b24ca5a3877f36083b8ede1b8f6ea85fc954c3d29f2b79fb2ad34f5653e676f9517dacedb2a8f69d0de29bdbc6be63b1925cf5a9f2ad1b1dcaad87ed8107b84091e834763feeecdadd277e3783b3fec50785ebd17cd65bdb0c07a20f33f78d632ecbea77f2c4a7f6e26b3bf32764e9f988ecd6946c52045b769c60392fc4f453c7e98334bc0b112c8bd8f28b323a1df7567b333329dfd84eda3393bab8cc65dc93af7ad2af2d965f0dc448d26df7f6e84fe9c311c5d6a31ee9295dc856909f1256dcae37fb9c6ab7ea44cf170ec9c111da5bc61c7a7ff00cb99206ffc8cdaf47e691876da0030248eaec9f5565c7705d78dedd7952162d266a7158b2ddf76ff00fbebd29e85ec58025909f604dc22fb154681cb6e4e4f24691a99b0d5656342a2827eaa653dad72651e280fc31a9fb4e8ce560fea5356e3b03b42b946916ccb1eddf1518143ce577f02ff000c4bfe23a67a94ea63e05af46158214508aa83af6a8ed009f13a5b65106bee64172c49407872b7b056cca0610ae0a96bf4f01eda09061327651bfa859f4e3901592160256653e2ac0fc3f769930fc684818d68b689d834d6e7ebdcca0286f2ee6d801d3f6e8f63700bdab63203763f12d6f203cbd4f69f768f79003a01d001d001eed682edd38a280780503efa5a4dcdb04249f889bfdd42f17c7b15884415604ef8d7b51ca801413bf6a20e8a37d5ab38cc7dc555b35a36f4fb8c4e14068cb7cc5081d37d5ad4d182201a428b725a952ec4ea2c6fcb7a41cbe262579b1d606e3e68e651b38eef0914f91f6e91abd6969f33e3f5663bbc562c804781535242aca3d846b51e49b7d6c3b78fa5f17fcc76d2464224939c711d977936c8b330fdd5802aeff6173a4b7602edf72065e0cbfd069dd5aa34739dd2ff00da14f7c942d99b8b637d40b24b918ed15237de3a50c965bff304d794f28926967760aa4b3b331d8051f889f60035e366d0b7cc2cf690d171ec6a40011e17324fde763ed58205ff009b49fcc32f15cb71f07ab384b176233659d4fc71d251ded027fd59c7b7c13af9eb0bcc15a79b6fb753dd8959cdafa142805bee142d9f655df8bb695e724e554f8ce75f3bcdede45a00b46d50920c24a490c6b54b09ea48ca7c3d677eefbb6d3a652fae2f177b26ff002d2af2d8dbdf1a1651fb76d2af198126e577e7894475f118eaf8e8a351b2ab597364aaff008638d06bdbf52ef43538a4b5a6775fea73c1480887748c8d22c937a6be67d3423efd2d3c492efa08116ca444a573b29ffa6c4f3d322f1c529bdec5b1e56e3e9a5ea37e5c1f12c25192169ed344ab4f1a87e39ec4ecd60ee7c95449bbb1e8a3dfaea956b09666c7ac82c652cb24f9fbf10d82961f914e0dfccafc283f0a6ede246bc3befc5795de18cf26bf195ad55be28717414edbc84789fdefdf6f8474f1f5315b13c1c378d3b3656eabcf7f2527c4d5e197f9d7662bfeb480ec83c86dfc3ad36006b3d905cb48cdeee7a9989f814ff68f2e156d41141370b180a071cb2f99b8f20eba60e3a6be6f2af664291f1de37296faa72163b39203b3d405ff00d2aa8485fe23dda619b9f62a791eaf1d866cfdc5fc3457fdba9ffab6df68547f98fd9a45ab8be2900831882c72918e0200d3308f195fb4eec15630b14926e49207793f88e9a572495e94d90bf2263b058f5ef91615ec43b7408153c7a90361e27a6983e68bb68561d9c0c7f5cbd92eedc7c31da258e430a446d1e62d3cce14666dc9c80d7b5aca7258c4590ca58af42232a47530f4cfa9258b0edf935e6b932150adf8cc71fc2bb9eed86a6bcb195f21622b3ce3395660f5eaced85c120de58602858b32f9da9c0dbf841edd4d33f4fe6be07d47d41fa8ef78365f074ff976b77bf55ff1a5f5edf5e8d1d8cb57bdd3f951ccce2ee7d42e7b00c91672b27a7db27f26dc1bf7353b23f75bf0b78a1ea3a6e0ca5ccf1871bfd525f51684727a171190b4d8f9874961b8a3aaac47c5fc3b7e2f0eba35be9633f82b31da3c938f009964502ed427b62c8c0a36f426f2f500fe549e47a1f87c1bf32d97d4c5751fb91e298db57c484f237a0d0a2934120f75b03cdc8474535646850cf62a5c7dc02ce3af4609ec6f859491247246ebe6080cac3cf63a018e9b28ad2719cf169b25514cd8cca6db2642b2f42771d16c463612a7d8c3707a2bd1b33d2c71ccf0879e4c2cc585fe3d17689eab83bcaf8f8e50cb0d889bab5761d8fd7b76dc69878ef36af752ac79796064b1218b1d9a887a756c4c01fc8912425aa5bedf185cfc5d7b09f01e7829961923c5d45c146ecc9130fd3c3a38f5531da8dd5c6073047758575c61d6bf3dccc006c6fe2a8d9fb4d69a7ac7f677aeaf7ea0da969f0ace340379ecc231f00f32f7a45a836fb3d5df546fdaaf8bfd50e38bb047cc50c8536dfa0dd1a2b49fb5a33fb7563f502336178d6354fc56b3904ce9ed8ea4735b6fed8d75abb742bb2da4cfff00cb1cae793f6efa7d40d0dc8699c0ff00b8ca3efce95797dab18bc6e3f89f1f6f4f2594edc75371e305485024f67dddb18db7fb48ea3446952ab8da75f1d453d3ab5231142bfc2bf88ff131dd8fbce80e126833dc933bc944ab30ab27f47c7203bfa504403c9374ff00d7724a9f66fab7c8f3870d57b2a88df2132b3c22627d28917e133cfdbd7b7bbe1551f31dfc94ea9e5db5306dd108fdc93b72139ea6c6c7e51e9bd688618ca72c97e51f8d35f009912cf26c6004343904bbd474daf568a5f87dbf1a36bc7f5306f8fc345bedeae66b311ed58239a7dbf6a6877039b31172459f3091c09c831093d58d418d9cd19402d2c6c4ecec96bbc28f953607a83abdfa8fb3e438bc04eddd66e3fdeb51d7affcfad09c2b6d4ca0dcc51c8411cba190d67c763bb50b934abfd57a53c118ecf20cc4fdbf1e3e0ab411fdd3775c976fbfb47dda79c0d2166d9b120de2adb100f8190fca3eef1d2370bfcfc35aca6e43e5ef5bb4ac0024277fd343da0f43b08ba03a74c2e793136abf15cea0832cec3fdd20edaf61a5fe44881baafaddac9b782c8bd9bf55dc7b78b4aa27c0a01f9b8fa69e9e5b213c642483fa7f85376a6a6a699a4ea6a6ab5fbf571955ae5b6ed8d4f6a81b6ecdb121577d87802493d00049d80d0ce3f732dc864197286961ca918fae46d2590dff00ef27ee1bac67fd14e848f8dbc401d009aa9602bc6cd39b3191b32c47b6bc03d2594f83320f953dbbb789d28510b6bf5270f5d87c55f1566723d864b09175fb94eb52d821d976d94f4d86c358e720c8ae1793f39c8c52ac1252c7d1c5d399982fa72e499a40e09ffd3ef321f72e93de445a070312f653fcec17db47f1fb3a72c0691f28af76e4c715c76ff23dbeaaff0023ca5a9f1158afc52807e8a92bff00d38e183bdbcbb7edd26e2a38ab726596e4feacd5e85abf93befe3249348a924a7d802a1ed1e435e39fb395c6cb8dcb5ba062c5cd5457e30b3c9bfa58f842217644f927953b1dcb75d9bdc46bdf8f574cef20bf0295928ced0a5b76e88b8ea404d3976dc01eb4ae918ff36fe1a53c14876db8dc3e7303a88f7631d9118e755cf95aad0381a310741cb9f3bf59a7fe194a4ab879b2b7bf26ce6657ca5857200861751e846cc76d847028277f0dce9706570fcbf94451e52bb4b8878e6a7c784a9f9562475ff7765cfcc8cca9b41bedd06e366d75caf2990e4d8bb5670e3bb8d51915aeb21226c8c68e04e2155eab5e25ddbafcfb74e8353fa5435f2dc7edc130b14a18ae64a6b310ed85628ab76d7f4f6fc27d5e9a0f96ec5848dbddc0d32497d09fe52dbd76c00e4e7c8acda80518aa904dfdfb9c5ba296b1f988b07c4e1c90492e66f2af24512ca4cb3599a076810b7e23142817603cfa799d5fc0f1ecb1a760722b4ef364dfd6bf4a03e9b4cc37ed5b93c7f13aa83d224211755b87636a613030721ca580b23c3bc53cc4f6d5aeecccb1420eff0014858b1ed1b9df61e7b9b8ab5bcf307b7dd4b0fda5c5394fa4f34606ed3e41f7fca800ebe9efd47cdecd5770eaad304b05f1096948c7b27b291fcb87e428d147a9236945c841a63f745f377e9fb6357f1d252b5148d03a4188a084cd75404ad1c517cfe8f6f460bb6dbaf427c37d17c0e3e5e532d6cd64206abc7ea3093038a906cd2b2fcb7ed8f327c6353e1e3efd7961b0b1f265ad66788c5c5aa956a14597b3fa8489d12dd88fa6d5d76fc88bcc7c47a74d3f6fa7fcbbcb82b0dd4ebdace346c4a03ef37eb3e8a4379bc321f0d0f6466461abf2afbbea6be6fa9ad8a42b9df537d73bea6fa95295390606dd4bcdcaf8d2ed9244ff00ee38eea22c8c29d7b1bb7e59d47f2e4dbc7a1e9a0cd529724825e4bc51e28ef4ea6be571d76306bdb29d5a9e4ebfe0990fcb278fddd75a26fa52e41c7efd6bcfc9f89aa0cbb2aa6428c87b60bf0af5ec7f25997f049e5e07a6b2fcc7cb9a53f53b53a370a2dfa645f85fd87ec188660a3c3906a43f7af38a439e66b1908ab575b50e6b074e4c961f0d900f2cf466a33c36e5ab15a0a4d98278124584924f4ed3e5a72fd53cfd65c460b9463e42619eadd7c74dd14092f578ebc2cc49f85944c5bee3aa10f25c75ee4fc473917a95ec50c84b88ca63e70567acf9185a28d255dbe5f553e171d342392e3a7c465711fa7211556b65a6cb71db36623355fa392279a3aaea1fb884b1dc8fbf5db62357da319f63a66431b7692543c2c7b43f987af8d71942cc021d40db49e9cabdf8ed8863b18b35675b75952c717b16e0ec304b2e387d7e3ec2943d4c95a5913ed5d10caf1eb52d9199a912dc06c42d62ad86f4d65588eef5e39c82a9f96aa8a08f02fb9ddb54e6a1e9e1392cb25ea56398579e9720fe9953789208f1ca9b98a373dcc4c05fb8f89dc6fe3ad7eb43426c7450d7025a33c4af19fdf4900903fda77df4675d56607bcb63d34c2b855685813663d4a7db48b6798613239ee3b6a58e5a397c5e456b5aa3717b248e3c9c12560448a5a2756628c3b5ba81bf96bbfd5bb069c78bb407c75e1ca4a9fe25a9d3fb743b94f1bb0731670c8cf243c9f113d4a454f68391c63ff51a46561f2b052e37f60e9a19fa959b6e49c2f8ae5aa306973114d5fd35f0fa99e248648bb8ec076caacbbeb89b70bb56856e435f038db566280084dc020dc29b83eaa60fd39af5ace2b13142c1d3195a24b71edb3c761547745346db3237a849d987bf46f9ff001f8b3d86f506cb769166ad2ee57e19361244ecbd42390a77fc2c15fc5741b1f91c4f23bad91e316ffa272c853e9ec52b6018ee2d7631fa56514ed663464641342dde9edfc3a3c9c8a2bd05ac3e52b9c5e7440eed8d95bbc4aabd7d5a73001678fecf897f128d0e294306520a482e591b06e91ca28a250ec97b585945b2c303d75edc4b352e5b1a2be40326631e120c947200199bb7e0b2bdbd192651dddc3a77770f2d1ab366bd3af2dbb72086bc08649a56df65451b93b0ea7ec1a5ee337a89bb3631e545c8384314447e6347b176ed3e6a3e623446b66f1d7706b9bb2a61a2dddea24c031531cc60d8af5dcf7a74d1d49601ad9d7240119901cb2a59c6e3edf37cf3dfca46570d44856a728e9de089128f683b1652164b87c0bf6c3e11c9be8b3bf62fa69f3378fb7aff00e3af1bf7b1d83a12ddb92c54e9c00b3c8e42a02cdfdacccdd00eac4f4eba45cfe71ac43eb666d4bc7f0133762463b972b913d098e28e20d2c111f30bf9a478fa63c6d2ca9128d47138003163ccabc6970462c7218e3eb346ae67de4b2f8ce3d0a64b2119296642fdb4ea11d3fdd4c9beee0ffa31eefeded1d7599418f5ca72dc947cb678e6a34b2a6eda95a111b642cd7af156a95a0ab1191da2aebdecdf36fb8077dce9cb8cd8bdc9ebcf478e42bc5f038c97e90ed1a35e66ed49984517c50c019251f1b77b6fe40e986dd4c2f04e3f94cdd68b79ead696c4d72cb196c4f22af72896790976ef70001bedec1a5d62dc4d7f12d0a1eea8c64f989e07d55cf155806521c1170477483c9cb595fea172ba7cb714d529e3dd21a13b5937ef1109debf7c53c6b00ee93e21dc9f1f6f5d66b10bdff6c4587c3b144c9cc3eae51f0b5d9955a5f463eedb6af5c0d8f9348c7cbc19531feae263c75c2779235facd8f56766134c37fe2937df5e1929161cbd048634792a5748628b7ed44b1906222560bd42ad68fb8edae470c68ab1a8baa36b009b8d43ba4f5d3a6100024e6003cb73deb750a29c3e75b3c8f1a519d65af8d9cd8322344cec44317a7b305ee31b6ec76e834c9cdaccb5389e496b2f74f6d528d78d3a12f65c45daa3fc25b4bbc7464adf29aa92c71ed8c8e59ad5aaeced184b111892b38906eaf21d9b6dfc06fa33cae785f2587a73ba255a2d266721239d9634807a354bff008e676ed1e276d7256d1dbcf4aeab72db103ae984c5185eda9b4df2cec09eaaa18dc449008aee69a1f5a9c4a956b03b54a1146a1770cfd1a4d87c729ff2e8be27093f30996c5d0d171489c49142c0ac994914eeb34c1be21594fc887e6f98eb8c6e06d722b51decf466871baecb2d7c7d9d925bd22fc492da43f244a7e58dbc7f169f9331876963ac97eb19a4e9142b347dcc7d8aa1b73f7687b2d81d4371b900bfb89c139edcbf6ce97ddeec106187b9ef37173f855e00280aa3603a003c00d7ddf5cefa9beb56b3ebadf535cefa9a952b9df537d7cdf537d4aed7ddf42329ca30987b698fbf6196e4b199e3af14334ce6304a97ed811fa6e0e8b6faa194c452cbc689683a4b09efad6a07686785c8dbbe29632aca7efd8f9eb86f636cf85ea566bcdd38cf2b03258c5c857cdd5eb5aec18db652668fe348a5fca1bfc406cde2bef1d34fef37ff00e91c471f9ac688e9e7294f1ca22b0182c17aa37e7d3b1b0322c6e0b2fb762adb6bc066793f1750b946933b891fff00611c5fef2ba8f3b3145b7acbb78bc6037b54eaa35a9e95f7e69c3123bf56f807338aad2031dcecf96dd46f05b49f894fce3c7e2f1cc93cc7c29bc1de47e0abe092671b1f9b875d1d22246b8ceab6601ed0eaa016b1e30d53d3e454ac632e4f62cdda39ba2df53ea5ab3ddda90d984026578c88c4522059146da6dfd25cd4b98e13522b5b8bb88924c5da56e84183631efe3fe9b28fbb43abcf4ef61ac1c1579337c3f26ccf670d037a592c5ce1bd67fa3889f8c24abde2204346dd5375e9ae788dbe2f87e5d0e2b8c5c8a6c5e771ff00cbf50b595c8e3999e536a37ed91259619896ef50495f769e0a2c749b838f4575a424aea001185ed6b8a6ae6267ad8dab9baeb23be0eed7c8cb1c23776aca4c17028f3ff6f2bb6de7b6b22e5b0568abcb80c7da5b15ab722ad96c658af247243f4196ef1d917a65bf9565187de0eb7e1bee36f1f2db58dfeaf6378ad78694f5e7a74655b70c19ea350c71cb2d4795252f2450ecddf130041201d98ead1b70b55245c755e8b673f4b7342ddb8f17152c9e26cd996e55af6a47ab3d4927732bc714914727c21d89565ed61e1d75f33987cff1ce22f679bcf5b91e22a95966877923bf499a458e06a57cecd3ba971f13aa31f6f9684cd0705a565c622fde48772525a973200aedbec1bb656f97c8edae6e1c22d4fafc8e4f3593a554ad85c75e9adcb0bb21dd3f2ac449de41eaa19b4394a48009236257ba6d620f330aa41e5f1c6cf2c4e8be29d4f676b5ce6de19c01e5b0af9c73395f11cbff00ee0e4135d871221682864325596177f8557d294c1dc8586ec7d4e81f6d72dc828e7781a71cc33c936662c8492d751148633fef65b11ca64eced11fa7206dc9d3f2f15932b5556ed89e92394962355cc56015ea877f05e87aab03ef1aafff006de0a3cdc388395c94d9415ce42082dd996787d28e410993b7e042c19bc0eaaa5f4659654dba441ec5b50399fcc52ed1ca5fce728c5e2b2f24f166e6491eb5fbf1c66bd79605ef963c75185da2323236eb3cccc760761e5ae335c6e4c4e56ccf7b96e28890922f65199f229193fcaf4639151c20f0ecec076eaba359ec0e5c4d529a61067a94c247778da34314b1ede92ef619047dc19897ebec0373a19578e727a2f2ff0046e274294aa4091bbd10f51bf77d4854efdb7ebb2ebb1065edf87773ef138db931c87352dbada6d2606295f547707490d98e5d36bd3071be4bc3b8f62052c2497730cced3dbb30539e49279e4eaf2bb7a71c7d760000760001a1bcc7336f98d04c545427c6e215c5ac8cd74c692cc2bfe6c559204691bb5a5556766dba0f7ebd65c5f2fab516ce4e5c66fb856556b123fc5f857b422f4d06ca4f90a9465faa9abbfae0c289146e8dbb78b02d23780f76b8f349ddb017eb34dc3b482c194b10b8016d2b870b7252d409f533468e76590ef21f620f8a43f728274b75e94d9a9eee76c982ab64e649a85d99dc4959164ec8521af1ab19656445ec55f9bc3c3472f19a3c45b5a8864bd90edc4e3625df769ad7c321dc787643ddd7dfa65c7e0f1bc660195caceb34f4d0450ccaa7d1ae0811ac3461eacd23fca18eeefeed5356917e5c07551997535b828b93c31ab311c6713e3e6691258ebc5f9d32380d6ac5998fe30a4833cadd36f05f0f05d2ba71a8f2e67cb729577c8dc613cf5d2778e0ad120da183e02a3f297ccf81d589b2d6b31938cc54def5faa49c7606b3065aacff000fd5e46cf589262bd00dff002c741f16e74c35381daca3a58e5d684b00d993094cb25553e3f9f26fdf39fb761a55a3dc4e408498d2f7697227993891cfc6baf3c118ed8f1081658fdadc9d14bb430189cdcb27f42c3c39228ddb264ee348f515c1f880965691e561bf5118db7f16d3ee0787e2f0a52cbc714f9041b0b0b0a449183f86bc29f0c63f6b1f363a3b043056852bd6896186301638a350a8aa3c02aaec00d7a6fa7e0daa458dda46f89c963d57cab3e6dc349859517e141a475f2d7ddf537d7cdf537d3141afbbea6be6fa9a952b9df537d73bea6fa952badf537d73bea6fa952badf4bf6f8ca476a5ca602738bc8ca0995507754b0de46d56e8ac7f8d7b5fdfa3dbea6faa491a488639143ab605585c1ae8254dc1b11c959c4c162cc16b8e78af24b2429b4bf9d88c9383d090fda3d4fb4ac837f13aaf6ed725bb33f217c2d669f876455f259aa9650b32554125d85239e359e4430c9d433f43e1ad22ed2a792ab252bf0258ad30ed9219006523ec3aa5fa698cad5b85411b44af0e426b96258ceec1a39a678d51cbee5bf29154efa521da7d3b9292318ad658db1d07f4be7a6dee9bd184cceba0dba7f2e079c539432c527a73c0e248640b245229dc3238ee5607d854eadb53a8ccecd5e32d27f3094525bfc5d3ae91787d8970b3cfc0f24c44f8dee93053beff00eeb164ef176b1f9a4adbfa6e3d807dba7e8dbbd15bda3afdba69302475d524c403d46abcb0548002b5e3ee6df6d9147dbe5af2f564df7ee3f7741af7b7e087de755b55726f6abc6a34ded9d7ad75ee9773f87afdfaca79d5fb98afd40a596ae5457c46244d905ff53e96c5c786496303e6f45952423d80e9d79465793e168c790e358d872c627defd291cc73343b746aec3e1dc1f9b707dc3596dfcd72be639db37b1b8e8f115ecd2389b525f85ddab43eafad23067f496499998ed1aab285f13d4eb87484c48c8d75439906904d88e15b3e27291dc804c8413d04c88770091baba1f3561d54eaecb3993e041b29f1f69d6778627030d4af4999e2a70c75944a7732451a84024dbcf61e5e1a2d91cec96e330564682261b48c482ec3f77a780d084dd9b13f9d32db525c10303ff0d719abe2f5958603bc1012148f0773d19becf21aceb397c5cbadd8dbd7afbc716de076f9dbef3a3b9dc81a5544109dac5805548fc31f8337f70d28cd617194c64de2f5e42e20c5d100b35bb676091aa8ea5233b339ff002f89d0c5c9bf134c1d28ba460173af09afdba9c8ea9a1561bb1f1f85bea229a46877bb750993b1d55c77448157a8e9b1f3d14c5e0b21cbb925a8b9664195315156b3531f8e2d141db72366dc39fccdd40ed2df37bc684d4a3363ebbd7b67bafbbbcd9193704bda90f74ac48e9d0f4fbb4e5c7fb939a6ff0086c60ab31f69314cd1f5fb9b468f49702c08b114aee03088b5c8258123edc98538e3b198ec4554a58cad1d4ac9f2c512851bfb4fb49f327aeadefae77d4df4d5215d6fa9beb9df537d4a95d6fa9beb9df537d4a95d6fa9ae77d4d4a95f37d4df5cefa9bea54aeb7d4df5cefa9bea54aeb7d4df5cefaf3b1620ab0bd9b52a430440b492c8c15154789666d801a952bcb2967e8f1976defb7d3c12cbb8fe042dfdda27c56a7d0716c1d2f382856563ed6312b31ff989d667cd32b9dcc716cadbc2d615b8fc70149b296d4a9b82661008a845f3156320fcd6017d9ad86388411c702f8428918ff2285feed0e4380a2443134373d828f3d512149de8e42bb89b179384032d5b03c1d7bba3230f86443d19491a11c139fd6e4466c4de0b5791516921c8d05dc248d0b989ec53efeaf1f72f55f15f03e44b60dfc47975d65fff006d56cbc3c971d2178aee1b3d6add4b358f65aae97a38aec7342ebb1dc33b74f303540d617e4a215bb0180d586395eb5ab1b3c3dca770083beaa692f89f30b71cc9c6f97ca89966f868e47611d6c9c7e0ad137454b037d9e3e9d7a8d3a6db74f67b7518dec471a8a0add4e041c8e741ef56ce4d7249572d1e37131a288d218125b12391f98667b21d157c9551773e6749d7b188b3fa54f90df7dc7467358306f30919846e07b36d3472ae3390e4f5d2ac763d1a48433c487b64908f11de41edd2543c1b0f84b4b22d59e1b68c2449a49999f71d3b91c74dbcba68521c3116e436f6d33b75173a5ae4e6355bd144eb2598ebc71dc996c5951b4b3a47e92b9dfe6f4c160bd3c403e3afb3cf15585ec4eddb1463763e7ee03de75e9e27d9a5ee4391a18e1158cd0331dcff004bc2c27ba6b527efb81f87fb00f69e9a081734e12145c9c072d08c85d816293906759a3a6cde9d6ad1ff003acb8f92b565f67ef3f80d0cc2417b2dcb71590caa88ad45eadc868c4488a8d4aebdb142a3db24b22f79f68f6efafb14191c95e933797026c904fcb8a21bc346b8f08a11e036dfe26fff001d3070cafdf265b2edb1134c942b37fd2a837976f734ee7f668b7d2a6dc96fbf80a058bb296caf703a31b9fb615573d17a594b3b0d849db28ff32e8fe2432f29c491e0f839838e9f82c4057ff8ce85f2a4edb5149fbf0907fcac47f7ebe65a9c96390f168a2b73d09453bbe95aac57bd5e38e1942b2b86574f6a9e87523601949e00faaa6e10b46ea33256dd66b49df537d2ad6e4390c59f4793a466a8e899cac08ae7dd6a23bb5763ed24a7bc699a391254596260f1b80c8ea4152a46e0823c41d38ac185d4dc565ba321d2c083cf5e9bea6fae77d4df5daad75bea6fae77d4df52a575bea6b9df5352a573bea6faf9be814fccf8b55bcd8db396af15a46ec7476d955bf74c87e0046fd46fd352a51edf537d0cc9e7f0f87a232391b91c355b611c9bf77793e02354ee673fe10743a6e6f803416de2ecae5679dd60a746a10f3cd3bfc9108fe65dfc4f70e8352a511ce720c771fac93df762f3388aad5854c93cf29e8b1c31af56624ea61386e4f90d98f35ce2311568d8498ee34183c5191d566bc4749a5f627cabef3a25c47875bab69b92f2a68ed7209d7b60893e2828427fd0adbfe33fea49e7e03a78b0e6b39530b58cb3b0ef3d2341e24f87403727ec037f21d75566005ce02acaa588551726953f582dd4afc17215647512cef5560889d8c8eb6a193b17fcaa4f4f2d3849fcc6fb4eb3c8383dae4f96ff00b8b9a33b41d4d0c2b74f4d0f819c29210f9f6024fef1f21a093bf8e82589cc5a8e1029c0df0c7a6bd201bb95fde5234a54e06c77ea2e50a46561cee2ebdb32791b38f94d4907dbe94c874670d995b99acae1e64115bc5c91fc209224ad623f5209c6e07890c8c07832e85f2d9863737c5b26dbfa4326d8d9b61bec99281e24627c809923d580c3efaa3117bf41aa9ca78dd3b75a68ecd65b18bb1d6780ff00a4fe4e84754f730f0d0cc4f27b9c5635a3c9a596f6123d92a7202a649a05f058b26918eed87809d46c7a7775d684478ab0dc1e841ea08f304697721819119a6c70ef8c83dd58f5201f10bbf465fe13a0e2a6eb8839afe14d029200b21d2c3bafec34c356dc566b24f4a68ec569d43c53c2c1d194fe24652410740b924b1b8af5908699599d947e15236ebecd677738ccd404d3f14bb670b3925a7a15fb5abbfef765798158dffc3d3dda59b4998bf1494f2b9cbb66bbfc362aa88eb2b8f349044a1b63e7a85830b5ec39f3ab2426360c45cf35803d79fa28e6679a0ee931dc5113239052526b8dff00b2adef693c257f62af4fb7c34071b8a9beb1ac492c992ccdd3db35d94eecde6563dff9718ff87ecd7b431455e24af5e358a14e91c518d80dfd807893a71c2e28e3e2334e3fddcc3661ff00a69e3d9f6fef6a8485161f99a3052cda98dc8fb874552cb7a1c6789e4ad160d2243bbc9e1df331091a0fe1ee3d356b8a6324c3f1bc6d09f7fa858bd6b218ee44b3b19dc1fb3bf6d7db38ff00fb9794e1b8d3a7750a7b67333befdad1c2c62ab5cf91f525df707f0f5f2d30e482ff0052b623002faadb28f0f7edf7eb84111827de37fc2a2b033328f716df7e7eca54e509dc697f13347fb4aebc3965b38bcaf1bba8515a292ec3bc9d14ab5745f4c9f2ee2075d17c85636afe3936dd22679e5ff0a81b0fbdb55793f1d8f9257823924ed7aa657887806695021dcf915dba6e363e7ae291717cac7d35770483a73ba91d46f45ab598ed40b621f9240432b0ea3c9a3707d9e04686c75aff001e97ea78ec5f518f725ade0bbb6eddfa9971c5cf6a36fe3113dadf8763a07c40e4f0f6e4e3f9405e3705aa4bd774641fcb93bb73dacbf21dcf86dbf869b26b956bc891589962793f97dfb80db7b1bc35d0cc8dd93f98aab224a96716f5834571597a19aa62ee3a6f5612c51c6c55d1d7e68e446d991d7cc11abbbe93aee3af57bad9de3ae91e4dc0faba8e42d7c822f82c84744987e097ee6e9a3d84cdd6ce5336605786589da1b55261db341327478a55f223fb475d391c81c619f11597340d1358e20e479689efa9bebce59a2810c9348b1a0f1772140fbce82bf34e269652a1ccd4333b76aaaccac3b89db62ca4a8fbce8942a3dbea6b9ee1b6fbf4f1df5352a52a1bb95e588c98977c5e05fa1cbedb5ab2bbfc5f431b0f810f87acdfe51e7a4fe59985e359fa9c5f198cad6713f43146b8cb281aa99ec4a47d4ce7e667ed55f8be63d75ab7f7740074000f21ac5bf51d5a0e7c92bfc92d6a52a1f2d924f4cff683af2de59ba6f35f3358f7584411ca460d80239fe2e7ad0dd4436bb62d1e2d717635762c053e318fc96563549f270c56278e6ecda285bb59bb2ac2c5bb141f6f53ad0ff48f8ac4223ccf2f1c4f9fbb1468ab146b1c75e064565ec5503f36507ba46f7f68e9beeab9d432e272b1a8dcbd5b2001e7f96fad0bf4f2d99f8f55653b7ad529ca76f7c0aa7fe1af63bfb45e0c682c96380e519566ed13c4599db161a6c7989c69d26b1b6e919ebe6dff0086a918206904cf1234a362b23005876fca549f0db7f2d7a6a6b3c924dcd36aa145875d4d4d4d41d4eb95da4969da8fea8e3ed28de2ca436b1360efb00d02adfaedb799f8645fbf4c9cdb11366f8fe471d558adb961f5693a9d88b559858ae77ffeac6ba47e576056b55f2e5bb7fa766695a67f646671565dfdc52620eb55b20f6871e2877d5a33743fa58d49d34caa3e241eab7b282e132f067f0d43375f611e4208ec7603ddd8cc3f32327da8fba9f78d5c956568a4581d62999584523af7aab91f0b326ebdc01ea46e37d2bf1556c46633fc51ba57826197c483b0ff006991677963455fc30d95917efd35eb87035c5375f4503c3d88391e344d93ad1264aacb2d2c945193f956ebb764aa8fd1bb1ba3a6ff00858697f94e3b1755a76922578e180cc5e53f121d89dcc9d0ec36dfae9ce0a35ab5bb7762ee492efa6d686fba16853d35902f93766c18f9ec3d9a49ccd29b949b746307b6e92ac00ee0231f206ea076ee016dcf51d343974dc58624f5d31b6d7dab9c1471387352370f69f2b927bab1f6e3e9a860ee3e279641bc43af812a7d423f0af6f9b69e4b2286795c24680bc923782aa8ee663f601bebd060a971aa54f0f518c8f1a34b66663bb492c877691bdacedbb13fdc0683666b4f9ab18fe2354b236724717a64df78b1d5fb5ed36e01d8c9bac4bbf4dceda191a9f48c3851c3e884c84df8d317e9a537b18ec872eb08637e4130b1046c0868e8d606bd346dc9f994349d3f7b4bfca6e4a6a186bc862b597b9150af2afcca6c49bc8e3fc30abeb4ec87a38ac2c91d7458a38a21143128d95400234451ec51b01ac5b905c0797f1fa3dc7d3c7c5264645f22f338a916ff0060048d1650352a8f745feeca97db9251dce6ec16fd3de34e0ddbdc7b076af828f60f21af9a846c48f61db534bd3d5e53d78ac18da41f990b078641d1948f61f61f31af96eac17a07ad61778dfa823c55bc997de356ab42d66c455d7a19582efec07c4fdc35eb7a94d42730cbd54f58a41e0ebed1eff68d4b1b5f92b975be9be245ed4955eedcc0da7a538f5aba9eb1ff0009f0922dfc371e5e1ab999c459c94526678bdc6a5979e1f4ccb190a97225f9629bb81ec957e5493c57c35efc8a889ea8ba83f36b0f8fdf113d7fe53d74330593fa398549dbfdaccdd09ff4e43d037d8de7ab8247697022a8caac0a38b835923d9b32cc1ae2c724eb232bc17049349ea27cf148d3b921bdbd068cadba7762a4f5e34851aca54bd8f289da44a1ba380a37dbb7746fefd347ea9e1f12b5532e1bd0cd5a916bac480116827569241e4d08dbf307b94e9438ae3e2cbf35c4d070c63ee696cb21ed6ec8d1a41d7fcbfdba3ee1206da36eac6330a92d893aac31cfd159aad2c3b9fa7621c496b5800545f0cbd54c94af6571552c62a091afe12e44f564c74ee7beba4aa63325797ab76a83d53d9e1edd4d3164f8b9c764a9c7ded2e36e4f1c225e82442ec0147f2df6f95b53591feaa7e9bc4f1068f8eddbf97a7d34ff00d245af569fe5f77eead0f595feb1d3749b099841d3f3a8cadfc4769a11fb7bb5aa696f9ee3065788e52055de6af1fd6d63b6e44958fabd3ed40cbf7ebcf794ee7e9bcc36f31c8380df2bf64fdd7a36f22f176f2271b5c748a115a48ed578246eb1d8890bfb0ac883bbfe3a60fd27b2c30d5e8ce47af5167c74abff00529ccc00ff00f4c83a43e1b914bf848a20dbc953f2caf9fa6df1c4dfb0edf768ad3ca7fdb3979eed973162724f148d6c755a97900883cc078453a81bbf930ebafa7798c664856441a8c66f87c273af3db0902c8d1b9d2245d373906188adb35354a9e52b59a7f592c91c0a801999dd5631b8e8caec7b4a3791df542df32e27446f633353ec864f5cfecafea1d648c7118d3cdd924360451cd4ee0bf1b1d957e2627c001d49d288fd4be232314ad2ddb6cbbf77d3e3ae3ec0799de15d0bc9735b7914294f8ee7cd3f2edc6c80cbec24bb2fc3ec1ae90c05f493514a31b170a38926857352b2f16cf3b750f5e475fb4bab26defdf6d6c7103257457f98a00dbf8efb75d627979b279082bd39b8a674d292d5793223e910b35685c4ed1a2a4cdb991d157aec00df4f95ff0050a25775b5c6f90d552772f26324751bfbeb34da9023283a85ae4d4ddc88ec3410748188af0e5adfd0f2588e6448482839c666cf403fa7de74412b13b9dabd811bf4f2274d8415241f11d0e972c72ae11c8abdac5d8c846905b89abdbad7564a4fd928ec61b5b484efd7a7bf5e3c1af596c74dc7f2538b194c03ad4967041fa8a8cbdf42e020b6e26876ebbfcca77ebab30c3a3d5545617f9bd74cb2c6b346d13efd8e3b5b63b120f88dc6be41041593d282358631d4851b0e9e675e9b6fe1a179cbe95aab57461f5138ecd81eaa9f898fb3d8343240173c28aa0b108389fb1a5bc8dc8e7b166fcf208abaf73b4add15218c7cc7dc146faf7fd31c7c97e3b7ce2f46526cc6d162e271b3418d858fa0bd7ce66de56f6f43a5f9b1c39666e0e1684fd22aa5fe4322123b2aa3030d3ee5f07b0fd48dc10837d6a32e63038d5fa692f54aa205082069a28fb028d82852c36db6db5d81302edc6a6f251710a64b9f4d0be5d6768a0a8a7abb77b8f72f87f69d62f9a9058e5d953b7fed6b52aa1bdecaf6187ed71a7ccff2cc0cd91949c8c4cb08f4c7a61e5ea3ab11e923f9eb35bb92aad9eccdb5161ead992bbd79d6ad928ea902c6e07e56ff000b2edd46a87533b9b1cac30e71464289144a594637388e20d3f626e7d6d08a563bca9f9537f897cfef1d757b48183e5786a177d1b5756bc36476b7d424b08561f2bfe6a28f71d3ad6c9e2ee6c6a642a58dfc3d2b113fff000b9d09948388229a475618303d06f4c9c72b17b12db23e0857b10ff1bf8fec5d1bbf4a3c8573049d187c5149fb8fedfb0f9e94a1b1769ecd048f083d761f29fb8f43a334390876116400427a09d06cbbff001af97da357465b693409a3935f88b8db2b662d4bf246519e09d3a8263950fec61acf726b0e29ed8b6fd95ea6e5e4fe0fc3b7b490401efd6adc8235fea40c7b16963566db6f1ea01fbc0d617cfb2706672918a6e1f1b0fc22453bada962251a61ed890fc0a7f1104ead042d24be1af59e41cb5cdc6e563804ad99c8729a0193ccdecd59396c9b93d9188eac27c21aebf2a8fe26f163e674c5fa3159edf27c864dc6e2b5461bfb1e775503fe50da44c958dcfd3a9e83e294fbfc975b0fe8ad0f438edec93276b5eb7d88ded8e04007fe691b54ff00714cb0f97491260308c73963daf45eb3fcbd5a4dc095f12c751e815a43a248bdb228750558061b8ee52195bed046e3535d6a6be7d736d3736bded7c2fcb6af436c6f508d891befb1db71ae2410b4522d9d85764659cb740232a43927d9dbbea6a6b82fc33e6ae1eee3c98d7e76c31bf8ac9c898906eb5196588187f363b1595f6eede2dc3237930d69d0598acd3faa68da2899099e1b29da5176f8d655906c57dfe0753535f65d9f89e047e2f7b42eaf9ad8d78d974f88fa72d46d42284fc7b8c5a8b28f4e9e7b0d63ac78db72472bc0a18f7be27d76f4997b9be28f6df70366d6edc5f2984cbe2e3b98180d6a8dd3d16aed5594fb0c6ca9fb46e3d875353496e7c2d7fb5d76eedf9a9a8b5e9edf55f3b51ad7c670be44fd809d4d4d2e6f6c3d34416bf6af6e6af2333fe189befd7266b1e51edf71d4d4d0cf89fc28c3c2fe343336f21a123cff004e2051bc91dd453038f63190803efd6614ea61aee55f27c0e7ad8bcf2447d65c595b15a580b2fc1629231ed4eedbe28c8d8ea6a684fe2f0bf3df2f4d3117d3dbb7a6f7ecdbbde8ab37394732c7ef066f8f65a661d3ea312a6cd771fbca364953ec7ea3436bf20cde66c0a381c158a7348dd8f91cdf6d5820ff00aad1312f295f25f3d4d4d557c2c35defd76abb7d458f836d3cda757a28f71ee05c631f42db677949ccc115876cb27d5475a9fd5bec5feb040e1ddc7909a43b0f2d3861c7e9fc602e07fa41ede9fecbe999ba0f3316e49dbdba9a9a6f86159dc7b57e7e5a60f58003d38d98796c361ae4cd3794447da0ea6a6a87c4fe1451e17f1aad6a55311fad58c43e7eb28edffcfd359df24bbfa5819aadba9819edb0f89e415a22a3ff00a8851cfdc75353436f16dd9bde8b1f81a87896b7b79e8150e3d809a232f17b96689f9964c5dd925847b3782669e365f71d5a48b95d3007af4b34837ee1321c7d8d87b1e3f56027ed51a9a9a5cebf7edd79fe34f0f0edfb57e6d37d3ff2d05c8e4f29c82192aa52b787c14313499bb5690c76258954b3d7ac06fb46547c52798f774398e5eecb3cf25c5ae6212aa1a7591485483b768028fdc083efd4d4d6ced3c2fa73f4fdec755f3d5c3f2ac4def8de38fa8cb85b2d3f6ce95a4ee25bbb7dc125c9f12dafd39c16ad5a5c430f5a9cb1cc8b00696485c4886690992601d491babb153ecdb53535e53fdd1afc083e1f10eaf9b4f67db5a5e5b6f11b974e14c3a9a9a9af215ad5ffd9);
INSERT INTO `tbl_aplicaciones` (`codigo_aplicacion`, `codigo_desarrollador`, `codigo_empresa`, `codigo_categoria`, `nombre_aplicacion`, `version`, `descripcion`, `calificacion`, `fecha_publicacion`, `icono`, `aplicacion`) VALUES
(3, 1, 2, 2, 'Waze', '1', 'ESta es la descripcion', '4', '2016-04-12', NULL, NULL),
(4, 3, 2, 2, '9GAG', '3', 'fdfg', '13', '2016-04-15', NULL, NULL),
(5, 2, 1, 1, 'Facebook', '23', 'sfsdfs', '45', '2016-03-07', NULL, NULL),
(6, 3, 2, 1, 'Evernote', '34', 'sdfsd', '49', '2016-03-29', NULL, NULL),
(8, 3, 1, 2, 'Spotify', '1', 'Descripcion', '80', '2016-04-30', NULL, NULL),
(9, 3, 2, 1, 'Aplicacion X', '435', 'fdsgdsfgsdf', '0', '2016-04-09', NULL, NULL);

-- --------------------------------------------------------

--
-- Table structure for table `tbl_categorias`
--

CREATE TABLE IF NOT EXISTS `tbl_categorias` (
  `codigo_categoria` int(11) NOT NULL AUTO_INCREMENT,
  `nombre_categoria` varchar(200) NOT NULL,
  `descripcion` varchar(400) DEFAULT NULL,
  PRIMARY KEY (`codigo_categoria`)
) ENGINE=InnoDB  DEFAULT CHARSET=utf8 AUTO_INCREMENT=5 ;

--
-- Dumping data for table `tbl_categorias`
--

INSERT INTO `tbl_categorias` (`codigo_categoria`, `nombre_categoria`, `descripcion`) VALUES
(1, 'Social', 'Categoria para aplicaciones como facebook'),
(2, 'Juegoz', 'Juegos como flappy bird'),
(3, 'Peliculas', 'Peliculas X'),
(4, 'Emprendimiento', NULL);

-- --------------------------------------------------------

--
-- Table structure for table `tbl_comentarios`
--

CREATE TABLE IF NOT EXISTS `tbl_comentarios` (
  `codigo_comentario` int(11) NOT NULL AUTO_INCREMENT,
  `codigo_usuario` int(11) NOT NULL,
  `codigo_aplicacion` int(11) NOT NULL,
  `comentario` varchar(2000) DEFAULT NULL,
  `fecha_comentario` date DEFAULT NULL,
  PRIMARY KEY (`codigo_comentario`),
  KEY `fk_tbl_comentarios_tbl_usuarios_idx` (`codigo_usuario`),
  KEY `fk_tbl_comentarios_tbl_aplicaciones1_idx` (`codigo_aplicacion`)
) ENGINE=InnoDB DEFAULT CHARSET=utf8 AUTO_INCREMENT=1 ;

-- --------------------------------------------------------

--
-- Table structure for table `tbl_desarrolladores`
--

CREATE TABLE IF NOT EXISTS `tbl_desarrolladores` (
  `codigo_desarrollador` int(11) NOT NULL AUTO_INCREMENT,
  `nombre_desarrollador` varchar(200) NOT NULL,
  `pagina_web` varchar(400) NOT NULL,
  `correo_electronico` varchar(45) NOT NULL,
  PRIMARY KEY (`codigo_desarrollador`)
) ENGINE=InnoDB  DEFAULT CHARSET=utf8 AUTO_INCREMENT=5 ;

--
-- Dumping data for table `tbl_desarrolladores`
--

INSERT INTO `tbl_desarrolladores` (`codigo_desarrollador`, `nombre_desarrollador`, `pagina_web`, `correo_electronico`) VALUES
(1, 'Juan', 'paginax.com', 'juan@gmail.com'),
(2, 'Pedro', 'paginax.com', 'pedro@gmail.com'),
(3, 'Maria', 'paginax.com', 'maria@gmail.com'),
(4, 'Luis', 'paginax.com', 'luis@gmail.com');

-- --------------------------------------------------------

--
-- Table structure for table `tbl_empresas`
--

CREATE TABLE IF NOT EXISTS `tbl_empresas` (
  `codigo_empresa` int(11) NOT NULL AUTO_INCREMENT,
  `nombre_empresa` varchar(200) NOT NULL,
  `direccion` varchar(200) DEFAULT NULL,
  `telefono` varchar(45) DEFAULT NULL,
  PRIMARY KEY (`codigo_empresa`)
) ENGINE=InnoDB  DEFAULT CHARSET=utf8 AUTO_INCREMENT=3 ;

--
-- Dumping data for table `tbl_empresas`
--

INSERT INTO `tbl_empresas` (`codigo_empresa`, `nombre_empresa`, `direccion`, `telefono`) VALUES
(1, 'Empresa 1', NULL, NULL),
(2, 'Empresa 2', NULL, NULL);

-- --------------------------------------------------------

--
-- Table structure for table `tbl_usuarios`
--

CREATE TABLE IF NOT EXISTS `tbl_usuarios` (
  `codigo_usuario` int(11) NOT NULL AUTO_INCREMENT,
  `nombre_usuario` varchar(45) NOT NULL,
  `correo` varchar(45) NOT NULL,
  `genero` varchar(1) NOT NULL,
  `fecha_nacimiento` date NOT NULL,
  PRIMARY KEY (`codigo_usuario`)
) ENGINE=InnoDB  DEFAULT CHARSET=utf8 AUTO_INCREMENT=3 ;

--
-- Dumping data for table `tbl_usuarios`
--

INSERT INTO `tbl_usuarios` (`codigo_usuario`, `nombre_usuario`, `correo`, `genero`, `fecha_nacimiento`) VALUES
(1, 'Juan', 'juan@gmail.com', 'M', '2016-03-16'),
(2, 'Pedro', 'pedro@gmail.com', 'M', '2016-03-23');

--
-- Constraints for dumped tables
--

--
-- Constraints for table `tbl_aplicaciones`
--
ALTER TABLE `tbl_aplicaciones`
  ADD CONSTRAINT `fk_tbl_aplicaciones_tbl_categorias1` FOREIGN KEY (`codigo_categoria`) REFERENCES `tbl_categorias` (`codigo_categoria`) ON DELETE NO ACTION ON UPDATE NO ACTION,
  ADD CONSTRAINT `fk_tbl_aplicaciones_tbl_desarrolladores1` FOREIGN KEY (`codigo_desarrollador`) REFERENCES `tbl_desarrolladores` (`codigo_desarrollador`) ON DELETE NO ACTION ON UPDATE NO ACTION,
  ADD CONSTRAINT `fk_tbl_aplicaciones_tbl_empresas1` FOREIGN KEY (`codigo_empresa`) REFERENCES `tbl_empresas` (`codigo_empresa`) ON DELETE NO ACTION ON UPDATE NO ACTION;

--
-- Constraints for table `tbl_comentarios`
--
ALTER TABLE `tbl_comentarios`
  ADD CONSTRAINT `fk_tbl_comentarios_tbl_aplicaciones1` FOREIGN KEY (`codigo_aplicacion`) REFERENCES `tbl_aplicaciones` (`codigo_aplicacion`) ON DELETE NO ACTION ON UPDATE NO ACTION,
  ADD CONSTRAINT `fk_tbl_comentarios_tbl_usuarios` FOREIGN KEY (`codigo_usuario`) REFERENCES `tbl_usuarios` (`codigo_usuario`) ON DELETE NO ACTION ON UPDATE NO ACTION;

/*!40101 SET CHARACTER_SET_CLIENT=@OLD_CHARACTER_SET_CLIENT */;
/*!40101 SET CHARACTER_SET_RESULTS=@OLD_CHARACTER_SET_RESULTS */;
/*!40101 SET COLLATION_CONNECTION=@OLD_COLLATION_CONNECTION */;
